<?xml version="1.0" encoding="UTF-8"?>
<COLLADA xmlns="http://www.collada.org/2005/11/COLLADASchema" version="1.4.1">
<!--
# File generated by ImageToStl.com - Free Image and 3D model conversion tools
-->
  <asset>
    <contributor>
      <author>ImageToStl.com</author>
      <authoring_tool>ImageToStl.com</authoring_tool>
    </contributor>
    <created>2026-06-18T12:19:33</created>
    <modified>2026-06-18T12:19:33</modified>
    <up_axis>Z_UP</up_axis>
  </asset>
  <library_effects>
    <effect id="effect_0">
        <profile_COMMON>
          <technique sid="common">
            <phong>
              <diffuse>
                <color>0.85 0.85 0.85 1</color>
              </diffuse>
              <specular>
                <color>0.05 0.05 0.05 1</color>
              </specular>
              <shininess>
                <float>64</float>
              </shininess>
            </phong>
          </technique>
        </profile_COMMON>
    </effect>
  </library_effects>
  <library_materials>
    <material id="mat_0">
      <instance_effect url="#effect_0"/>
    </material>
  </library_materials>
  <library_geometries>
    <geometry id="geometry_079d0a7c_d37e_4e3f_9bad_9b1340765bbf">
      <mesh>
        <source id="pos_0">
          <float_array id="pos_0-array" count="5628">-8386.984375 -1261.71118164 0 -8386.984375 -732.82226562 0 -8386.984375 -1261.71118164 500 -8386.984375 -732.82226562 500 -8386.984375 -1261.71118164 1000 -8386.984375 -732.82226562 1000 -8386.984375 -1261.71118164 1500 -8386.984375 -732.82226562 1500 -8386.984375 -1261.71118164 2000 -8386.984375 -732.82226562 2000 -8386.984375 -1261.71118164 2500 -8386.984375 -732.82226562 2500 -8386.984375 -1261.71118164 3000 -8386.984375 -732.82226562 3000 -8386.984375 -203.93338013 2500 -8386.984375 -203.93338013 3000 -8386.984375 324.95550537 2500 -8386.984375 324.95550537 3000 -8386.984375 853.84442139 2500 -8386.984375 853.84442139 3000 -8386.984375 1382.73327637 2500 -8386.984375 1382.73327637 3000 -8386.984375 1911.62219238 2500 -8386.984375 1911.62219238 3000 -8386.984375 2440.51098633 2500 -8386.984375 2440.51098633 3000 -8386.984375 2969.39990234 2500 -8386.984375 2969.39990234 3000 -8386.984375 3498.28881836 2500 -8386.984375 3498.28881836 3000 -8386.984375 -203.93338013 0 -8386.984375 -203.93338013 500 -8386.984375 -203.93338013 1000 -8386.984375 -203.93338013 1500 -8386.984375 -203.93338013 2000 -8386.984375 324.95550537 0 -8386.984375 324.95550537 500 -8386.984375 324.95550537 1000 -8386.984375 324.95550537 1500 -8386.984375 324.95550537 2000 -8386.984375 853.84442139 0 -8386.984375 853.84442139 500 -8386.984375 853.84442139 1000 -8386.984375 853.84442139 1500 -8386.984375 853.84442139 2000 -8386.984375 1382.73327637 0 -8386.984375 1382.73327637 500 -8386.984375 1382.73327637 1000 -8386.984375 1382.73327637 1500 -8386.984375 1382.73327637 2000 -8386.984375 1911.62219238 0 -8386.984375 1911.62219238 500 -8386.984375 1911.62219238 1000 -8386.984375 1911.62219238 1500 -8386.984375 1911.62219238 2000 -8386.984375 2440.51098633 0 -8386.984375 2440.51098633 500 -8386.984375 2440.51098633 1000 -8386.984375 2440.51098633 1500 -8386.984375 2440.51098633 2000 -8386.984375 2969.39990234 0 -8386.984375 2969.39990234 500 -8386.984375 2969.39990234 1000 -8386.984375 2969.39990234 1500 -8386.984375 2969.39990234 2000 -8386.984375 3498.28881836 0 -8386.984375 3498.28881836 500 -8386.984375 3498.28881836 1000 -8386.984375 3498.28881836 1500 -8386.984375 3498.28881836 2000 -8586.984375 -732.82226562 0 -8586.984375 -1261.71118164 0 -8586.984375 -732.82226562 500 -8586.984375 -1261.71118164 500 -8586.984375 -732.82226562 1000 -8586.984375 -1261.71118164 1000 -8586.984375 -732.82226562 1500 -8586.984375 -1261.71118164 1500 -8586.984375 -732.82226562 2000 -8586.984375 -1261.71118164 2000 -8586.984375 -732.82226562 2500 -8586.984375 -1261.71118164 2500 -8586.984375 -732.82226562 3000 -8586.984375 -1261.71118164 3000 -8586.984375 -203.93338013 3000 -8586.984375 -203.93338013 2500 -8586.984375 -203.93338013 2000 -8586.984375 -203.93338013 1500 -8586.984375 -203.93338013 1000 -8586.984375 -203.93338013 500 -8586.984375 -203.93338013 0 -8586.984375 324.95550537 500 -8586.984375 324.95550537 0 -8586.984375 853.84442139 500 -8586.984375 853.84442139 0 -8586.984375 1382.73327637 500 -8586.984375 1382.73327637 0 -8586.984375 1911.62219238 500 -8586.984375 1911.62219238 0 -8586.984375 2440.51098633 500 -8586.984375 2440.51098633 0 -8586.984375 2969.39990234 500 -8586.984375 2969.39990234 0 -8586.984375 3498.28881836 500 -8586.984375 3498.28881836 0 -8586.984375 324.95550537 3000 -8586.984375 324.95550537 2500 -8586.984375 324.95550537 2000 -8586.984375 324.95550537 1500 -8586.984375 324.95550537 1000 -8586.984375 853.84442139 3000 -8586.984375 853.84442139 2500 -8586.984375 853.84442139 2000 -8586.984375 853.84442139 1500 -8586.984375 853.84442139 1000 -8586.984375 1382.73327637 3000 -8586.984375 1382.73327637 2500 -8586.984375 1382.73327637 2000 -8586.984375 1382.73327637 1500 -8586.984375 1382.73327637 1000 -8586.984375 1911.62219238 3000 -8586.984375 1911.62219238 2500 -8586.984375 1911.62219238 2000 -8586.984375 1911.62219238 1500 -8586.984375 1911.62219238 1000 -8586.984375 2440.51098633 3000 -8586.984375 2440.51098633 2500 -8586.984375 2440.51098633 2000 -8586.984375 2440.51098633 1500 -8586.984375 2440.51098633 1000 -8586.984375 2969.39990234 3000 -8586.984375 2969.39990234 2500 -8586.984375 2969.39990234 2000 -8586.984375 2969.39990234 1500 -8586.984375 2969.39990234 1000 -8586.984375 3498.28881836 3000 -8586.984375 3498.28881836 2500 -8586.984375 3498.28881836 2000 -8586.984375 3498.28881836 1500 -8586.984375 3498.28881836 1000 -7670.98388672 3498.28881836 0 -8586.984375 3498.28881836 750 -7670.98388672 3498.28881836 750 -7670.98388672 3498.28881836 1500 -8586.984375 3498.28881836 2250 -7670.98388672 3498.28881836 2250 -7670.98388672 3498.28881836 3000 -6754.98388672 3498.28881836 2250 -6754.98388672 3498.28881836 3000 -5838.98388672 3498.28881836 2250 -5838.98388672 3498.28881836 3000 -4922.98388672 3498.28881836 2250 -4922.98388672 3498.28881836 3000 -4006.98388672 3498.28881836 2250 -4006.98388672 3498.28881836 3000 -3090.98388672 3498.28881836 2250 -3090.98388672 3498.28881836 3000 -2174.98388672 3498.28881836 2250 -2174.98388672 3498.28881836 3000 -1258.98400879 3498.28881836 2250 -1258.98400879 3498.28881836 3000 -342.98400879 3498.28881836 2250 -342.98400879 3498.28881836 3000 573.01599121 3498.28881836 2250 573.01599121 3498.28881836 3000 -6754.98388672 3498.28881836 0 -6754.98388672 3498.28881836 750 -6754.98388672 3498.28881836 1500 -5838.98388672 3498.28881836 0 -5838.98388672 3498.28881836 750 -5838.98388672 3498.28881836 1500 -4922.98388672 3498.28881836 0 -4922.98388672 3498.28881836 750 -4922.98388672 3498.28881836 1500 -4006.98388672 3498.28881836 0 -4006.98388672 3498.28881836 750 -4006.98388672 3498.28881836 1500 -3090.98388672 3498.28881836 0 -3090.98388672 3498.28881836 750 -3090.98388672 3498.28881836 1500 -2174.98388672 3498.28881836 0 -2174.98388672 3498.28881836 750 -2174.98388672 3498.28881836 1500 -1258.98400879 3498.28881836 0 -1258.98400879 3498.28881836 750 -1258.98400879 3498.28881836 1500 -342.98400879 3498.28881836 0 -342.98400879 3498.28881836 750 -342.98400879 3498.28881836 1500 573.01599121 3498.28881836 0 573.01599121 3498.28881836 750 573.01599121 3498.28881836 1500 -7670.98388672 3698.28881836 0 -8586.984375 3698.28881836 0 -7670.98388672 3698.28881836 750 -8586.984375 3698.28881836 750 -7670.98388672 3698.28881836 1500 -8586.984375 3698.28881836 1500 -7670.98388672 3698.28881836 2250 -8586.984375 3698.28881836 2250 -7670.98388672 3698.28881836 3000 -8586.984375 3698.28881836 3000 -6754.98388672 3698.28881836 3000 -6754.98388672 3698.28881836 2250 -6754.98388672 3698.28881836 1500 -6754.98388672 3698.28881836 750 -6754.98388672 3698.28881836 0 -5838.98388672 3698.28881836 750 -5838.98388672 3698.28881836 0 -4922.98388672 3698.28881836 750 -4922.98388672 3698.28881836 0 -4006.98388672 3698.28881836 750 -4006.98388672 3698.28881836 0 -3090.98388672 3698.28881836 750 -3090.98388672 3698.28881836 0 -2174.98388672 3698.28881836 750 -2174.98388672 3698.28881836 0 -1258.98400879 3698.28881836 750 -1258.98400879 3698.28881836 0 -342.98400879 3698.28881836 750 -342.98400879 3698.28881836 0 573.01599121 3698.28881836 750 573.01599121 3698.28881836 0 -5838.98388672 3698.28881836 3000 -5838.98388672 3698.28881836 2250 -5838.98388672 3698.28881836 1500 -4922.98388672 3698.28881836 3000 -4922.98388672 3698.28881836 2250 -4922.98388672 3698.28881836 1500 -4006.98388672 3698.28881836 3000 -4006.98388672 3698.28881836 2250 -4006.98388672 3698.28881836 1500 -3090.98388672 3698.28881836 3000 -3090.98388672 3698.28881836 2250 -3090.98388672 3698.28881836 1500 -2174.98388672 3698.28881836 3000 -2174.98388672 3698.28881836 2250 -2174.98388672 3698.28881836 1500 -1258.98400879 3698.28881836 3000 -1258.98400879 3698.28881836 2250 -1258.98400879 3698.28881836 1500 -342.98400879 3698.28881836 3000 -342.98400879 3698.28881836 2250 -342.98400879 3698.28881836 1500 573.01599121 3698.28881836 3000 573.01599121 3698.28881836 2250 573.01599121 3698.28881836 1500 373.01599121 3498.28881836 0 373.01599121 2786.28881836 0 373.01599121 3498.28881836 750 373.01599121 2786.28881836 750 373.01599121 3498.28881836 1500 373.01599121 2786.28881836 1500 373.01599121 3498.28881836 2250 373.01599121 2786.28881836 2250 373.01599121 3498.28881836 3000 373.01599121 2786.28881836 3000 373.01599121 2074.28881836 2250 373.01599121 2074.28881836 3000 373.01599121 1362.28881836 2250 373.01599121 1362.28881836 3000 373.01599121 650.28881836 2250 373.01599121 650.28881836 3000 373.01599121 -61.71116638 2250 373.01599121 -61.71116638 3000 373.01599121 -773.71118164 2250 373.01599121 -773.71118164 3000 373.01599121 -1485.71118164 2250 373.01599121 -1485.71118164 3000 373.01599121 -2197.71118164 2250 373.01599121 -2197.71118164 3000 373.01599121 -2909.71118164 2250 373.01599121 -2909.71118164 3000 373.01599121 -3621.71118164 2250 373.01599121 -3621.71118164 3000 373.01599121 2074.28881836 0 373.01599121 2074.28881836 750 373.01599121 2074.28881836 1500 373.01599121 1362.28881836 0 373.01599121 1362.28881836 750 373.01599121 1362.28881836 1500 373.01599121 650.28881836 0 373.01599121 650.28881836 750 373.01599121 650.28881836 1500 373.01599121 -61.71116638 0 373.01599121 -61.71116638 750 373.01599121 -61.71116638 1500 373.01599121 -773.71118164 0 373.01599121 -773.71118164 750 373.01599121 -773.71118164 1500 373.01599121 -1485.71118164 0 373.01599121 -1485.71118164 750 373.01599121 -1485.71118164 1500 373.01599121 -2197.71118164 0 373.01599121 -2197.71118164 750 373.01599121 -2197.71118164 1500 373.01599121 -2909.71118164 0 373.01599121 -2909.71118164 750 373.01599121 -2909.71118164 1500 373.01599121 -3621.71118164 0 373.01599121 -3621.71118164 750 373.01599121 -3621.71118164 1500 573.01599121 2786.28881836 0 573.01599121 2786.28881836 750 573.01599121 2786.28881836 1500 573.01599121 2786.28881836 2250 573.01599121 2786.28881836 3000 573.01599121 2074.28881836 3000 573.01599121 2074.28881836 2250 573.01599121 2074.28881836 1500 573.01599121 2074.28881836 750 573.01599121 2074.28881836 0 573.01599121 1362.28881836 750 573.01599121 1362.28881836 0 573.01599121 650.28881836 750 573.01599121 650.28881836 0 573.01599121 -61.71116638 750 573.01599121 -61.71116638 0 573.01599121 -773.71118164 750 573.01599121 -773.71118164 0 573.01599121 -1485.71118164 750 573.01599121 -1485.71118164 0 573.01599121 -2197.71118164 750 573.01599121 -2197.71118164 0 573.01599121 -2909.71118164 750 573.01599121 -2909.71118164 0 573.01599121 -3621.71118164 750 573.01599121 -3621.71118164 0 573.01599121 1362.28881836 3000 573.01599121 1362.28881836 2250 573.01599121 1362.28881836 1500 573.01599121 650.28881836 3000 573.01599121 650.28881836 2250 573.01599121 650.28881836 1500 573.01599121 -61.71116638 3000 573.01599121 -61.71116638 2250 573.01599121 -61.71116638 1500 573.01599121 -773.71118164 3000 573.01599121 -773.71118164 2250 573.01599121 -773.71118164 1500 573.01599121 -1485.71118164 3000 573.01599121 -1485.71118164 2250 573.01599121 -1485.71118164 1500 573.01599121 -2197.71118164 3000 573.01599121 -2197.71118164 2250 573.01599121 -2197.71118164 1500 573.01599121 -2909.71118164 3000 573.01599121 -2909.71118164 2250 573.01599121 -2909.71118164 1500 573.01599121 -3621.71118164 3000 573.01599121 -3621.71118164 2250 573.01599121 -3621.71118164 1500 373.01599121 -3421.71118164 0 -366.98400879 -3421.71118164 0 373.01599121 -3421.71118164 750 -366.98400879 -3421.71118164 750 373.01599121 -3421.71118164 1500 -366.98400879 -3421.71118164 1500 373.01599121 -3421.71118164 2250 -366.98400879 -3421.71118164 2250 373.01599121 -3421.71118164 3000 -366.98400879 -3421.71118164 3000 -1106.98400879 -3421.71118164 2250 -1106.98400879 -3421.71118164 3000 -1846.98400879 -3421.71118164 2250 -1846.98400879 -3421.71118164 3000 -2586.98388672 -3421.71118164 2250 -2586.98388672 -3421.71118164 3000 -3326.98388672 -3421.71118164 2250 -3326.98388672 -3421.71118164 3000 -4066.98388672 -3421.71118164 2250 -4066.98388672 -3421.71118164 3000 -4806.98388672 -3421.71118164 2250 -4806.98388672 -3421.71118164 3000 -5546.98388672 -3421.71118164 2250 -5546.98388672 -3421.71118164 3000 -6286.98388672 -3421.71118164 2250 -6286.98388672 -3421.71118164 3000 -7026.98388672 -3421.71118164 2250 -7026.98388672 -3421.71118164 3000 -1106.98400879 -3421.71118164 0 -1106.98400879 -3421.71118164 750 -1106.98400879 -3421.71118164 1500 -1846.98400879 -3421.71118164 0 -1846.98400879 -3421.71118164 750 -1846.98400879 -3421.71118164 1500 -2586.98388672 -3421.71118164 0 -2586.98388672 -3421.71118164 750 -2586.98388672 -3421.71118164 1500 -3326.98388672 -3421.71118164 0 -3326.98388672 -3421.71118164 750 -3326.98388672 -3421.71118164 1500 -4066.98388672 -3421.71118164 0 -4066.98388672 -3421.71118164 750 -4066.98388672 -3421.71118164 1500 -4806.98388672 -3421.71118164 0 -4806.98388672 -3421.71118164 750 -4806.98388672 -3421.71118164 1500 -5546.98388672 -3421.71118164 0 -5546.98388672 -3421.71118164 750 -5546.98388672 -3421.71118164 1500 -6286.98388672 -3421.71118164 0 -6286.98388672 -3421.71118164 750 -6286.98388672 -3421.71118164 1500 -7026.98388672 -3421.71118164 0 -7026.98388672 -3421.71118164 750 -7026.98388672 -3421.71118164 1500 -366.98400879 -3621.71118164 0 -366.98400879 -3621.71118164 750 -366.98400879 -3621.71118164 1500 -366.98400879 -3621.71118164 2250 -366.98400879 -3621.71118164 3000 -1106.98400879 -3621.71118164 3000 -1106.98400879 -3621.71118164 2250 -1106.98400879 -3621.71118164 1500 -1106.98400879 -3621.71118164 750 -1106.98400879 -3621.71118164 0 -1846.98400879 -3621.71118164 750 -1846.98400879 -3621.71118164 0 -2586.98388672 -3621.71118164 750 -2586.98388672 -3621.71118164 0 -3326.98388672 -3621.71118164 750 -3326.98388672 -3621.71118164 0 -4066.98388672 -3621.71118164 750 -4066.98388672 -3621.71118164 0 -4806.98388672 -3621.71118164 750 -4806.98388672 -3621.71118164 0 -5546.98388672 -3621.71118164 750 -5546.98388672 -3621.71118164 0 -6286.98388672 -3621.71118164 750 -6286.98388672 -3621.71118164 0 -7026.98388672 -3621.71118164 750 -7026.98388672 -3621.71118164 0 -1846.98400879 -3621.71118164 3000 -1846.98400879 -3621.71118164 2250 -1846.98400879 -3621.71118164 1500 -2586.98388672 -3621.71118164 3000 -2586.98388672 -3621.71118164 2250 -2586.98388672 -3621.71118164 1500 -3326.98388672 -3621.71118164 3000 -3326.98388672 -3621.71118164 2250 -3326.98388672 -3621.71118164 1500 -4066.98388672 -3621.71118164 3000 -4066.98388672 -3621.71118164 2250 -4066.98388672 -3621.71118164 1500 -4806.98388672 -3621.71118164 3000 -4806.98388672 -3621.71118164 2250 -4806.98388672 -3621.71118164 1500 -5546.98388672 -3621.71118164 3000 -5546.98388672 -3621.71118164 2250 -5546.98388672 -3621.71118164 1500 -6286.98388672 -3621.71118164 3000 -6286.98388672 -3621.71118164 2250 -6286.98388672 -3621.71118164 1500 -7026.98388672 -3621.71118164 3000 -7026.98388672 -3621.71118164 2250 -7026.98388672 -3621.71118164 1500 -7026.98388672 -4021.71118164 0 -7026.98388672 -3621.71118164 428.57144165 -7026.98388672 -4021.71118164 428.57144165 -7026.98388672 -3621.71118164 857.1428833 -7026.98388672 -4021.71118164 857.1428833 -7026.98388672 -3621.71118164 1285.7142334 -7026.98388672 -4021.71118164 1285.7142334 -7026.98388672 -3621.71118164 1714.2857666 -7026.98388672 -4021.71118164 1714.2857666 -7026.98388672 -3621.71118164 2142.85717773 -7026.98388672 -4021.71118164 2142.85717773 -7026.98388672 -3621.71118164 2571.4284668 -7026.98388672 -4021.71118164 2571.4284668 -7026.98388672 -4021.71118164 3000 -7026.98388672 -4421.7109375 2571.4284668 -7026.98388672 -4421.7109375 3000 -7026.98388672 -4821.7109375 2571.4284668 -7026.98388672 -4821.7109375 3000 -7026.98388672 -5221.7109375 2571.4284668 -7026.98388672 -5221.7109375 3000 -7026.98388672 -5621.7109375 2571.4284668 -7026.98388672 -5621.7109375 3000 -7026.98388672 -6021.7109375 2571.4284668 -7026.98388672 -6021.7109375 3000 -7026.98388672 -6421.7109375 2571.4284668 -7026.98388672 -6421.7109375 3000 -7026.98388672 -6821.7109375 2571.4284668 -7026.98388672 -6821.7109375 3000 -7026.98388672 -4421.7109375 0 -7026.98388672 -4421.7109375 428.57144165 -7026.98388672 -4421.7109375 857.1428833 -7026.98388672 -4421.7109375 1285.7142334 -7026.98388672 -4421.7109375 1714.2857666 -7026.98388672 -4421.7109375 2142.85717773 -7026.98388672 -4821.7109375 0 -7026.98388672 -4821.7109375 428.57144165 -7026.98388672 -4821.7109375 857.1428833 -7026.98388672 -4821.7109375 1285.7142334 -7026.98388672 -4821.7109375 1714.2857666 -7026.98388672 -4821.7109375 2142.85717773 -7026.98388672 -5221.7109375 0 -7026.98388672 -5221.7109375 428.57144165 -7026.98388672 -5221.7109375 857.1428833 -7026.98388672 -5221.7109375 1285.7142334 -7026.98388672 -5221.7109375 1714.2857666 -7026.98388672 -5221.7109375 2142.85717773 -7026.98388672 -5621.7109375 0 -7026.98388672 -5621.7109375 428.57144165 -7026.98388672 -5621.7109375 857.1428833 -7026.98388672 -5621.7109375 1285.7142334 -7026.98388672 -5621.7109375 1714.2857666 -7026.98388672 -5621.7109375 2142.85717773 -7026.98388672 -6021.7109375 0 -7026.98388672 -6021.7109375 428.57144165 -7026.98388672 -6021.7109375 857.1428833 -7026.98388672 -6021.7109375 1285.7142334 -7026.98388672 -6021.7109375 1714.2857666 -7026.98388672 -6021.7109375 2142.85717773 -7026.98388672 -6421.7109375 0 -7026.98388672 -6421.7109375 428.57144165 -7026.98388672 -6421.7109375 857.1428833 -7026.98388672 -6421.7109375 1285.7142334 -7026.98388672 -6421.7109375 1714.2857666 -7026.98388672 -6421.7109375 2142.85717773 -7026.98388672 -6821.7109375 0 -7026.98388672 -6821.7109375 428.57144165 -7026.98388672 -6821.7109375 857.1428833 -7026.98388672 -6821.7109375 1285.7142334 -7026.98388672 -6821.7109375 1714.2857666 -7026.98388672 -6821.7109375 2142.85717773 -6826.98388672 -4021.71118164 0 -6826.98388672 -3621.71118164 0 -6826.98388672 -4021.71118164 428.57144165 -6826.98388672 -3621.71118164 428.57144165 -6826.98388672 -4021.71118164 857.1428833 -6826.98388672 -3621.71118164 857.1428833 -6826.98388672 -4021.71118164 1285.7142334 -6826.98388672 -3621.71118164 1285.7142334 -6826.98388672 -4021.71118164 1714.2857666 -6826.98388672 -3621.71118164 1714.2857666 -6826.98388672 -4021.71118164 2142.85717773 -6826.98388672 -3621.71118164 2142.85717773 -6826.98388672 -4021.71118164 2571.4284668 -6826.98388672 -3621.71118164 2571.4284668 -6826.98388672 -4021.71118164 3000 -6826.98388672 -3621.71118164 3000 -6826.98388672 -4421.7109375 3000 -6826.98388672 -4421.7109375 2571.4284668 -6826.98388672 -4421.7109375 2142.85717773 -6826.98388672 -4421.7109375 1714.2857666 -6826.98388672 -4421.7109375 1285.7142334 -6826.98388672 -4421.7109375 857.1428833 -6826.98388672 -4421.7109375 428.57144165 -6826.98388672 -4421.7109375 0 -6826.98388672 -4821.7109375 428.57144165 -6826.98388672 -4821.7109375 0 -6826.98388672 -5221.7109375 428.57144165 -6826.98388672 -5221.7109375 0 -6826.98388672 -5621.7109375 428.57144165 -6826.98388672 -5621.7109375 0 -6826.98388672 -6021.7109375 428.57144165 -6826.98388672 -6021.7109375 0 -6826.98388672 -6421.7109375 428.57144165 -6826.98388672 -6421.7109375 0 -6826.98388672 -6821.7109375 428.57144165 -6826.98388672 -6821.7109375 0 -6826.98388672 -4821.7109375 3000 -6826.98388672 -4821.7109375 2571.4284668 -6826.98388672 -4821.7109375 2142.85717773 -6826.98388672 -4821.7109375 1714.2857666 -6826.98388672 -4821.7109375 1285.7142334 -6826.98388672 -4821.7109375 857.1428833 -6826.98388672 -5221.7109375 3000 -6826.98388672 -5221.7109375 2571.4284668 -6826.98388672 -5221.7109375 2142.85717773 -6826.98388672 -5221.7109375 1714.2857666 -6826.98388672 -5221.7109375 1285.7142334 -6826.98388672 -5221.7109375 857.1428833 -6826.98388672 -5621.7109375 3000 -6826.98388672 -5621.7109375 2571.4284668 -6826.98388672 -5621.7109375 2142.85717773 -6826.98388672 -5621.7109375 1714.2857666 -6826.98388672 -5621.7109375 1285.7142334 -6826.98388672 -5621.7109375 857.1428833 -6826.98388672 -6021.7109375 3000 -6826.98388672 -6021.7109375 2571.4284668 -6826.98388672 -6021.7109375 2142.85717773 -6826.98388672 -6021.7109375 1714.2857666 -6826.98388672 -6021.7109375 1285.7142334 -6826.98388672 -6021.7109375 857.1428833 -6826.98388672 -6421.7109375 3000 -6826.98388672 -6421.7109375 2571.4284668 -6826.98388672 -6421.7109375 2142.85717773 -6826.98388672 -6421.7109375 1714.2857666 -6826.98388672 -6421.7109375 1285.7142334 -6826.98388672 -6421.7109375 857.1428833 -6826.98388672 -6821.7109375 3000 -6826.98388672 -6821.7109375 2571.4284668 -6826.98388672 -6821.7109375 2142.85717773 -6826.98388672 -6821.7109375 1714.2857666 -6826.98388672 -6821.7109375 1285.7142334 -6826.98388672 -6821.7109375 857.1428833 -4206.98388672 3498.28881836 0 -4206.98388672 2969.39990234 0 -4206.98388672 3498.28881836 500 -4206.98388672 2969.39990234 500 -4206.98388672 3498.28881836 1000 -4206.98388672 2969.39990234 1000 -4206.98388672 3498.28881836 1500 -4206.98388672 2969.39990234 1500 -4206.98388672 3498.28881836 2000 -4206.98388672 2969.39990234 2000 -4206.98388672 3498.28881836 2500 -4206.98388672 2969.39990234 2500 -4206.98388672 3498.28881836 3000 -4206.98388672 2969.39990234 3000 -4206.98388672 2440.51098633 2500 -4206.98388672 2440.51098633 3000 -4206.98388672 1911.62219238 2500 -4206.98388672 1911.62219238 3000 -4206.98388672 1382.73327637 2500 -4206.98388672 1382.73327637 3000 -4206.98388672 853.84442139 2500 -4206.98388672 853.84442139 3000 -4206.98388672 324.95550537 2500 -4206.98388672 324.95550537 3000 -4206.98388672 -203.93338013 2500 -4206.98388672 -203.93338013 3000 -4206.98388672 -732.82226562 2500 -4206.98388672 -732.82226562 3000 -4206.98388672 -1261.71118164 2500 -4206.98388672 -1261.71118164 3000 -4206.98388672 2440.51098633 0 -4206.98388672 2440.51098633 500 -4206.98388672 2440.51098633 1000 -4206.98388672 2440.51098633 1500 -4206.98388672 2440.51098633 2000 -4206.98388672 1911.62219238 0 -4206.98388672 1911.62219238 500 -4206.98388672 1911.62219238 1000 -4206.98388672 1911.62219238 1500 -4206.98388672 1911.62219238 2000 -4206.98388672 1382.73327637 0 -4206.98388672 1382.73327637 500 -4206.98388672 1382.73327637 1000 -4206.98388672 1382.73327637 1500 -4206.98388672 1382.73327637 2000 -4206.98388672 853.84442139 0 -4206.98388672 853.84442139 500 -4206.98388672 853.84442139 1000 -4206.98388672 853.84442139 1500 -4206.98388672 853.84442139 2000 -4206.98388672 324.95550537 0 -4206.98388672 324.95550537 500 -4206.98388672 324.95550537 1000 -4206.98388672 324.95550537 1500 -4206.98388672 324.95550537 2000 -4206.98388672 -203.93338013 0 -4206.98388672 -203.93338013 500 -4206.98388672 -203.93338013 1000 -4206.98388672 -203.93338013 1500 -4206.98388672 -203.93338013 2000 -4206.98388672 -732.82226562 0 -4206.98388672 -732.82226562 500 -4206.98388672 -732.82226562 1000 -4206.98388672 -732.82226562 1500 -4206.98388672 -732.82226562 2000 -4206.98388672 -1261.71118164 0 -4206.98388672 -1261.71118164 500 -4206.98388672 -1261.71118164 1000 -4206.98388672 -1261.71118164 1500 -4206.98388672 -1261.71118164 2000 -4006.98388672 2969.39990234 0 -4006.98388672 2969.39990234 500 -4006.98388672 3498.28881836 500 -4006.98388672 2969.39990234 1000 -4006.98388672 3498.28881836 1000 -4006.98388672 2969.39990234 1500 -4006.98388672 2969.39990234 2000 -4006.98388672 3498.28881836 2000 -4006.98388672 2969.39990234 2500 -4006.98388672 3498.28881836 2500 -4006.98388672 2969.39990234 3000 -4006.98388672 2440.51098633 3000 -4006.98388672 2440.51098633 2500 -4006.98388672 2440.51098633 2000 -4006.98388672 2440.51098633 1500 -4006.98388672 2440.51098633 1000 -4006.98388672 2440.51098633 500 -4006.98388672 2440.51098633 0 -4006.98388672 1911.62219238 500 -4006.98388672 1911.62219238 0 -4006.98388672 1382.73327637 500 -4006.98388672 1382.73327637 0 -4006.98388672 853.84442139 500 -4006.98388672 853.84442139 0 -4006.98388672 324.95550537 500 -4006.98388672 324.95550537 0 -4006.98388672 -203.93338013 500 -4006.98388672 -203.93338013 0 -4006.98388672 -732.82226562 500 -4006.98388672 -732.82226562 0 -4006.98388672 -1261.71118164 500 -4006.98388672 -1261.71118164 0 -4006.98388672 1911.62219238 3000 -4006.98388672 1911.62219238 2500 -4006.98388672 1911.62219238 2000 -4006.98388672 1911.62219238 1500 -4006.98388672 1911.62219238 1000 -4006.98388672 1382.73327637 3000 -4006.98388672 1382.73327637 2500 -4006.98388672 1382.73327637 2000 -4006.98388672 1382.73327637 1500 -4006.98388672 1382.73327637 1000 -4006.98388672 853.84442139 3000 -4006.98388672 853.84442139 2500 -4006.98388672 853.84442139 2000 -4006.98388672 853.84442139 1500 -4006.98388672 853.84442139 1000 -4006.98388672 324.95550537 3000 -4006.98388672 324.95550537 2500 -4006.98388672 324.95550537 2000 -4006.98388672 324.95550537 1500 -4006.98388672 324.95550537 1000 -4006.98388672 -203.93338013 3000 -4006.98388672 -203.93338013 2500 -4006.98388672 -203.93338013 2000 -4006.98388672 -203.93338013 1500 -4006.98388672 -203.93338013 1000 -4006.98388672 -732.82226562 3000 -4006.98388672 -732.82226562 2500 -4006.98388672 -732.82226562 2000 -4006.98388672 -732.82226562 1500 -4006.98388672 -732.82226562 1000 -4006.98388672 -1261.71118164 3000 -4006.98388672 -1261.71118164 2500 -4006.98388672 -1261.71118164 2000 -4006.98388672 -1261.71118164 1500 -4006.98388672 -1261.71118164 1000 -9466.984375 -1461.71118164 0 -9011.42871094 -1461.71118164 0 -9466.984375 -1461.71118164 500 -8954.484375 -1461.71118164 500 -9466.984375 -1461.71118164 1000 -8954.484375 -1461.71118164 1000 -9466.984375 -1461.71118164 1500 -8954.484375 -1461.71118164 1500 -9466.984375 -1461.71118164 2000 -8954.484375 -1461.71118164 2000 -9466.984375 -1461.71118164 2500 -8954.484375 -1461.71118164 2500 -9011.42871094 -1461.71118164 3000 -8555.87304688 -1461.71118164 3000 -8441.984375 -1461.71118164 2500 -8100.31738281 -1461.71118164 3000 -7929.48388672 -1461.71118164 2500 -7644.76171875 -1461.71118164 3000 -7416.98388672 -1461.71118164 2500 -7189.20605469 -1461.71118164 3000 -6904.48388672 -1461.71118164 2500 -6733.65087891 -1461.71118164 3000 -6391.98388672 -1461.71118164 2500 -6278.09521484 -1461.71118164 3000 -5879.48388672 -1461.71118164 2500 -5822.53955078 -1461.71118164 3000 -5366.98388672 -1461.71118164 2500 -5366.98388672 -1461.71118164 3000 -8555.87304688 -1461.71118164 0 -8441.984375 -1461.71118164 500 -8441.984375 -1461.71118164 1000 -8441.984375 -1461.71118164 1500 -8441.984375 -1461.71118164 2000 -8100.31738281 -1461.71118164 0 -7929.48388672 -1461.71118164 500 -7929.48388672 -1461.71118164 1000 -7929.48388672 -1461.71118164 1500 -7929.48388672 -1461.71118164 2000 -7644.76171875 -1461.71118164 0 -7416.98388672 -1461.71118164 500 -7416.98388672 -1461.71118164 1000 -7416.98388672 -1461.71118164 1500 -7416.98388672 -1461.71118164 2000 -7189.20605469 -1461.71118164 0 -6904.48388672 -1461.71118164 500 -6904.48388672 -1461.71118164 1000 -6904.48388672 -1461.71118164 1500 -6904.48388672 -1461.71118164 2000 -6733.65087891 -1461.71118164 0 -6391.98388672 -1461.71118164 500 -6391.98388672 -1461.71118164 1000 -6391.98388672 -1461.71118164 1500 -6391.98388672 -1461.71118164 2000 -6278.09521484 -1461.71118164 0 -5879.48388672 -1461.71118164 500 -5879.48388672 -1461.71118164 1000 -5879.48388672 -1461.71118164 1500 -5879.48388672 -1461.71118164 2000 -5822.53955078 -1461.71118164 0 -5366.98388672 -1461.71118164 500 -5366.98388672 -1461.71118164 1000 -5366.98388672 -1461.71118164 1500 -5366.98388672 -1461.71118164 2000 -5366.98388672 -1461.71118164 0 -9466.984375 -1461.71118164 3000 -9466.984375 -1261.71118164 0 -9466.984375 -1261.71118164 500 -9011.42871094 -1261.71118164 0 -8954.484375 -1261.71118164 500 -8555.87304688 -1261.71118164 0 -8441.984375 -1261.71118164 500 -8100.31738281 -1261.71118164 0 -7929.48388672 -1261.71118164 500 -7644.76171875 -1261.71118164 0 -7416.98388672 -1261.71118164 500 -7189.20605469 -1261.71118164 0 -6904.48388672 -1261.71118164 500 -6733.65087891 -1261.71118164 0 -6391.98388672 -1261.71118164 500 -6278.09521484 -1261.71118164 0 -5879.48388672 -1261.71118164 500 -5822.53955078 -1261.71118164 0 -5366.98388672 -1261.71118164 500 -5366.98388672 -1261.71118164 0 -8954.484375 -1261.71118164 1000 -9466.984375 -1261.71118164 1000 -8954.484375 -1261.71118164 1500 -9466.984375 -1261.71118164 1500 -8954.484375 -1261.71118164 2000 -9466.984375 -1261.71118164 2000 -8954.484375 -1261.71118164 2500 -9466.984375 -1261.71118164 2500 -9011.42871094 -1261.71118164 3000 -9466.984375 -1261.71118164 3000 -8555.87304688 -1261.71118164 3000 -8441.984375 -1261.71118164 2500 -8441.984375 -1261.71118164 2000 -8441.984375 -1261.71118164 1500 -8441.984375 -1261.71118164 1000 -8100.31738281 -1261.71118164 3000 -7929.48388672 -1261.71118164 2500 -7929.48388672 -1261.71118164 2000 -7929.48388672 -1261.71118164 1500 -7929.48388672 -1261.71118164 1000 -7644.76171875 -1261.71118164 3000 -7416.98388672 -1261.71118164 2500 -7416.98388672 -1261.71118164 2000 -7416.98388672 -1261.71118164 1500 -7416.98388672 -1261.71118164 1000 -7189.20605469 -1261.71118164 3000 -6904.48388672 -1261.71118164 2500 -6904.48388672 -1261.71118164 2000 -6904.48388672 -1261.71118164 1500 -6904.48388672 -1261.71118164 1000 -6733.65087891 -1261.71118164 3000 -6391.98388672 -1261.71118164 2500 -6391.98388672 -1261.71118164 2000 -6391.98388672 -1261.71118164 1500 -6391.98388672 -1261.71118164 1000 -6278.09521484 -1261.71118164 3000 -5879.48388672 -1261.71118164 2500 -5879.48388672 -1261.71118164 2000 -5879.48388672 -1261.71118164 1500 -5879.48388672 -1261.71118164 1000 -5822.53955078 -1261.71118164 3000 -5366.98388672 -1261.71118164 2500 -5366.98388672 -1261.71118164 2000 -5366.98388672 -1261.71118164 1500 -5366.98388672 -1261.71118164 1000 -5366.98388672 -1261.71118164 3000 -766.98400879 -1261.71118164 0 -1224.48400879 -1261.71118164 0 -766.98400879 -1261.71118164 428.57144165 -1224.48400879 -1261.71118164 428.57144165 -766.98400879 -1261.71118164 857.1428833 -1224.48400879 -1261.71118164 857.1428833 -766.98400879 -1261.71118164 1285.7142334 -1224.48400879 -1261.71118164 1285.7142334 -766.98400879 -1261.71118164 1714.2857666 -1224.48400879 -1261.71118164 1714.2857666 -766.98400879 -1261.71118164 2142.85717773 -1224.48400879 -1261.71118164 2142.85717773 -766.98400879 -1261.71118164 2571.4284668 -1224.48400879 -1261.71118164 2571.4284668 -766.98400879 -1261.71118164 3000 -1224.48400879 -1261.71118164 3000 -1681.98400879 -1261.71118164 2571.4284668 -1681.98400879 -1261.71118164 3000 -2139.48388672 -1261.71118164 2571.4284668 -2139.48388672 -1261.71118164 3000 -2596.98388672 -1261.71118164 2571.4284668 -2596.98388672 -1261.71118164 3000 -3054.48388672 -1261.71118164 2571.4284668 -3054.48388672 -1261.71118164 3000 -3511.98388672 -1261.71118164 2571.4284668 -3511.98388672 -1261.71118164 3000 -3969.48388672 -1261.71118164 2571.4284668 -3969.48388672 -1261.71118164 3000 -4426.98388672 -1261.71118164 2571.4284668 -4426.98388672 -1261.71118164 3000 -1681.98400879 -1261.71118164 0 -1681.98400879 -1261.71118164 428.57144165 -1681.98400879 -1261.71118164 857.1428833 -1681.98400879 -1261.71118164 1285.7142334 -1681.98400879 -1261.71118164 1714.2857666 -1681.98400879 -1261.71118164 2142.85717773 -2139.48388672 -1261.71118164 0 -2139.48388672 -1261.71118164 428.57144165 -2139.48388672 -1261.71118164 857.1428833 -2139.48388672 -1261.71118164 1285.7142334 -2139.48388672 -1261.71118164 1714.2857666 -2139.48388672 -1261.71118164 2142.85717773 -2596.98388672 -1261.71118164 0 -2596.98388672 -1261.71118164 428.57144165 -2596.98388672 -1261.71118164 857.1428833 -2596.98388672 -1261.71118164 1285.7142334 -2596.98388672 -1261.71118164 1714.2857666 -2596.98388672 -1261.71118164 2142.85717773 -3054.48388672 -1261.71118164 0 -3054.48388672 -1261.71118164 428.57144165 -3054.48388672 -1261.71118164 857.1428833 -3054.48388672 -1261.71118164 1285.7142334 -3054.48388672 -1261.71118164 1714.2857666 -3054.48388672 -1261.71118164 2142.85717773 -3511.98388672 -1261.71118164 0 -3511.98388672 -1261.71118164 428.57144165 -3511.98388672 -1261.71118164 857.1428833 -3511.98388672 -1261.71118164 1285.7142334 -3511.98388672 -1261.71118164 1714.2857666 -3511.98388672 -1261.71118164 2142.85717773 -3969.48388672 -1261.71118164 0 -3969.48388672 -1261.71118164 428.57144165 -3969.48388672 -1261.71118164 857.1428833 -3969.48388672 -1261.71118164 1285.7142334 -3969.48388672 -1261.71118164 1714.2857666 -3969.48388672 -1261.71118164 2142.85717773 -4426.98388672 -1261.71118164 0 -4426.98388672 -1261.71118164 428.57144165 -4426.98388672 -1261.71118164 857.1428833 -4426.98388672 -1261.71118164 1285.7142334 -4426.98388672 -1261.71118164 1714.2857666 -4426.98388672 -1261.71118164 2142.85717773 -1224.48400879 -1461.71118164 0 -766.98400879 -1461.71118164 0 -1224.48400879 -1461.71118164 428.57144165 -766.98400879 -1461.71118164 428.57144165 -1224.48400879 -1461.71118164 857.1428833 -766.98400879 -1461.71118164 857.1428833 -1224.48400879 -1461.71118164 1285.7142334 -766.98400879 -1461.71118164 1285.7142334 -1224.48400879 -1461.71118164 1714.2857666 -766.98400879 -1461.71118164 1714.2857666 -1224.48400879 -1461.71118164 2142.85717773 -766.98400879 -1461.71118164 2142.85717773 -1224.48400879 -1461.71118164 2571.4284668 -766.98400879 -1461.71118164 2571.4284668 -1224.48400879 -1461.71118164 3000 -766.98400879 -1461.71118164 3000 -1681.98400879 -1461.71118164 3000 -1681.98400879 -1461.71118164 2571.4284668 -1681.98400879 -1461.71118164 2142.85717773 -1681.98400879 -1461.71118164 1714.2857666 -1681.98400879 -1461.71118164 1285.7142334 -1681.98400879 -1461.71118164 857.1428833 -1681.98400879 -1461.71118164 428.57144165 -1681.98400879 -1461.71118164 0 -2139.48388672 -1461.71118164 428.57144165 -2139.48388672 -1461.71118164 0 -2596.98388672 -1461.71118164 428.57144165 -2596.98388672 -1461.71118164 0 -3054.48388672 -1461.71118164 428.57144165 -3054.48388672 -1461.71118164 0 -3511.98388672 -1461.71118164 428.57144165 -3511.98388672 -1461.71118164 0 -3969.48388672 -1461.71118164 428.57144165 -3969.48388672 -1461.71118164 0 -4426.98388672 -1461.71118164 428.57144165 -4426.98388672 -1461.71118164 0 -2139.48388672 -1461.71118164 3000 -2139.48388672 -1461.71118164 2571.4284668 -2139.48388672 -1461.71118164 2142.85717773 -2139.48388672 -1461.71118164 1714.2857666 -2139.48388672 -1461.71118164 1285.7142334 -2139.48388672 -1461.71118164 857.1428833 -2596.98388672 -1461.71118164 3000 -2596.98388672 -1461.71118164 2571.4284668 -2596.98388672 -1461.71118164 2142.85717773 -2596.98388672 -1461.71118164 1714.2857666 -2596.98388672 -1461.71118164 1285.7142334 -2596.98388672 -1461.71118164 857.1428833 -3054.48388672 -1461.71118164 3000 -3054.48388672 -1461.71118164 2571.4284668 -3054.48388672 -1461.71118164 2142.85717773 -3054.48388672 -1461.71118164 1714.2857666 -3054.48388672 -1461.71118164 1285.7142334 -3054.48388672 -1461.71118164 857.1428833 -3511.98388672 -1461.71118164 3000 -3511.98388672 -1461.71118164 2571.4284668 -3511.98388672 -1461.71118164 2142.85717773 -3511.98388672 -1461.71118164 1714.2857666 -3511.98388672 -1461.71118164 1285.7142334 -3511.98388672 -1461.71118164 857.1428833 -3969.48388672 -1461.71118164 3000 -3969.48388672 -1461.71118164 2571.4284668 -3969.48388672 -1461.71118164 2142.85717773 -3969.48388672 -1461.71118164 1714.2857666 -3969.48388672 -1461.71118164 1285.7142334 -3969.48388672 -1461.71118164 857.1428833 -4426.98388672 -1461.71118164 3000 -4426.98388672 -1461.71118164 2571.4284668 -4426.98388672 -1461.71118164 2142.85717773 -4426.98388672 -1461.71118164 1714.2857666 -4426.98388672 -1461.71118164 1285.7142334 -4426.98388672 -1461.71118164 857.1428833 373.01599121 -1261.71118164 0 173.01599121 -1261.71118164 0 373.01599121 -1261.71118164 300 173.01599121 -1261.71118164 300 373.01599121 -1261.71118164 600 173.01599121 -1261.71118164 600 373.01599121 -1261.71118164 900 173.01599121 -1261.71118164 900 373.01599121 -1261.71118164 1200 173.01599121 -1261.71118164 1200 373.01599121 -1261.71118164 1500 173.01599121 -1261.71118164 1500 373.01599121 -1261.71118164 1800 173.01599121 -1261.71118164 1800 373.01599121 -1261.71118164 2100 173.01599121 -1261.71118164 2100 373.01599121 -1261.71118164 2400 173.01599121 -1261.71118164 2400 373.01599121 -1261.71118164 2700 173.01599121 -1261.71118164 2700 373.01599121 -1261.71118164 3000 173.01599121 -1261.71118164 3000 173.01599121 -1461.71118164 0 373.01599121 -1461.71118164 0 173.01599121 -1461.71118164 300 373.01599121 -1461.71118164 300 173.01599121 -1461.71118164 600 373.01599121 -1461.71118164 600 173.01599121 -1461.71118164 900 373.01599121 -1461.71118164 900 173.01599121 -1461.71118164 1200 373.01599121 -1461.71118164 1200 173.01599121 -1461.71118164 1500 373.01599121 -1461.71118164 1500 173.01599121 -1461.71118164 1800 373.01599121 -1461.71118164 1800 173.01599121 -1461.71118164 2100 373.01599121 -1461.71118164 2100 173.01599121 -1461.71118164 2400 373.01599121 -1461.71118164 2400 173.01599121 -1461.71118164 2700 373.01599121 -1461.71118164 2700 173.01599121 -1461.71118164 3000 373.01599121 -1461.71118164 3000 -9466.984375 -6821.7109375 0 -9118.41210938 -6821.7109375 0 -9466.984375 -6821.7109375 375 -9118.41210938 -6821.7109375 375 -9466.984375 -6821.7109375 750 -9118.41210938 -6821.7109375 750 -9466.984375 -6821.7109375 1125 -9118.41210938 -6821.7109375 1125 -9466.984375 -6821.7109375 1500 -9118.41210938 -6821.7109375 1500 -9466.984375 -6821.7109375 1875 -9118.41210938 -6821.7109375 1875 -9466.984375 -6821.7109375 2250 -9118.41210938 -6821.7109375 2250 -9466.984375 -6821.7109375 2625 -9118.41210938 -6821.7109375 2625 -9466.984375 -6821.7109375 3000 -9118.41210938 -6821.7109375 3000 -8769.84082031 -6821.7109375 2625 -8769.84082031 -6821.7109375 3000 -8421.26953125 -6821.7109375 2625 -8421.26953125 -6821.7109375 3000 -8072.69824219 -6821.7109375 2625 -8072.69824219 -6821.7109375 3000 -7724.12695312 -6821.7109375 2625 -7724.12695312 -6821.7109375 3000 -7375.55566406 -6821.7109375 2625 -7375.55566406 -6821.7109375 3000 -7026.98388672 -6821.7109375 2625 -8769.84082031 -6821.7109375 0 -8769.84082031 -6821.7109375 375 -8769.84082031 -6821.7109375 750 -8769.84082031 -6821.7109375 1125 -8769.84082031 -6821.7109375 1500 -8769.84082031 -6821.7109375 1875 -8769.84082031 -6821.7109375 2250 -8421.26953125 -6821.7109375 0 -8421.26953125 -6821.7109375 375 -8421.26953125 -6821.7109375 750 -8421.26953125 -6821.7109375 1125 -8421.26953125 -6821.7109375 1500 -8421.26953125 -6821.7109375 1875 -8421.26953125 -6821.7109375 2250 -8072.69824219 -6821.7109375 0 -8072.69824219 -6821.7109375 375 -8072.69824219 -6821.7109375 750 -8072.69824219 -6821.7109375 1125 -8072.69824219 -6821.7109375 1500 -8072.69824219 -6821.7109375 1875 -8072.69824219 -6821.7109375 2250 -7724.12695312 -6821.7109375 0 -7724.12695312 -6821.7109375 375 -7724.12695312 -6821.7109375 750 -7724.12695312 -6821.7109375 1125 -7724.12695312 -6821.7109375 1500 -7724.12695312 -6821.7109375 1875 -7724.12695312 -6821.7109375 2250 -7375.55566406 -6821.7109375 0 -7375.55566406 -6821.7109375 375 -7375.55566406 -6821.7109375 750 -7375.55566406 -6821.7109375 1125 -7375.55566406 -6821.7109375 1500 -7375.55566406 -6821.7109375 1875 -7375.55566406 -6821.7109375 2250 -7026.98388672 -6821.7109375 375 -7026.98388672 -6821.7109375 750 -7026.98388672 -6821.7109375 1125 -7026.98388672 -6821.7109375 1500 -7026.98388672 -6821.7109375 1875 -7026.98388672 -6821.7109375 2250 -9118.41210938 -6621.7109375 0 -9466.984375 -6621.7109375 0 -9118.41210938 -6621.7109375 375 -9466.984375 -6621.7109375 375 -9118.41210938 -6621.7109375 750 -9466.984375 -6621.7109375 750 -9118.41210938 -6621.7109375 1125 -9466.984375 -6621.7109375 1125 -9118.41210938 -6621.7109375 1500 -9466.984375 -6621.7109375 1500 -9118.41210938 -6621.7109375 1875 -9466.984375 -6621.7109375 1875 -9118.41210938 -6621.7109375 2250 -9466.984375 -6621.7109375 2250 -9118.41210938 -6621.7109375 2625 -9466.984375 -6621.7109375 2625 -9118.41210938 -6621.7109375 3000 -9466.984375 -6621.7109375 3000 -8769.84082031 -6621.7109375 3000 -8769.84082031 -6621.7109375 2625 -8769.84082031 -6621.7109375 2250 -8769.84082031 -6621.7109375 1875 -8769.84082031 -6621.7109375 1500 -8769.84082031 -6621.7109375 1125 -8769.84082031 -6621.7109375 750 -8769.84082031 -6621.7109375 375 -8769.84082031 -6621.7109375 0 -8421.26953125 -6621.7109375 375 -8421.26953125 -6621.7109375 0 -8072.69824219 -6621.7109375 375 -8072.69824219 -6621.7109375 0 -7724.12695312 -6621.7109375 375 -7724.12695312 -6621.7109375 0 -7375.55566406 -6621.7109375 375 -7375.55566406 -6621.7109375 0 -7026.98388672 -6621.7109375 375 -7026.98388672 -6621.7109375 0 -8421.26953125 -6621.7109375 3000 -8421.26953125 -6621.7109375 2625 -8421.26953125 -6621.7109375 2250 -8421.26953125 -6621.7109375 1875 -8421.26953125 -6621.7109375 1500 -8421.26953125 -6621.7109375 1125 -8421.26953125 -6621.7109375 750 -8072.69824219 -6621.7109375 3000 -8072.69824219 -6621.7109375 2625 -8072.69824219 -6621.7109375 2250 -8072.69824219 -6621.7109375 1875 -8072.69824219 -6621.7109375 1500 -8072.69824219 -6621.7109375 1125 -8072.69824219 -6621.7109375 750 -7724.12695312 -6621.7109375 3000 -7724.12695312 -6621.7109375 2625 -7724.12695312 -6621.7109375 2250 -7724.12695312 -6621.7109375 1875 -7724.12695312 -6621.7109375 1500 -7724.12695312 -6621.7109375 1125 -7724.12695312 -6621.7109375 750 -7375.55566406 -6621.7109375 3000 -7375.55566406 -6621.7109375 2625 -7375.55566406 -6621.7109375 2250 -7375.55566406 -6621.7109375 1875 -7375.55566406 -6621.7109375 1500 -7375.55566406 -6621.7109375 1125 -7375.55566406 -6621.7109375 750 -7026.98388672 -6621.7109375 3000 -7026.98388672 -6621.7109375 2625 -7026.98388672 -6621.7109375 2250 -7026.98388672 -6621.7109375 1875 -7026.98388672 -6621.7109375 1500 -7026.98388672 -6621.7109375 1125 -7026.98388672 -6621.7109375 750 573.01599121 -2401.71118164 -150 573.01599121 -3621.71118164 -150 -861.26971436 -2876.71118164 -150 -660.31732178 -3621.71118164 -150 -1893.65063477 -3621.71118164 -150 -2295.55541992 -2876.71118164 -150 -3126.98388672 -3621.71118164 -150 -3729.84106445 -2876.71118164 -150 -4360.31738281 -3621.71118164 -150 -5164.12695312 -2876.71118164 -150 -5593.65087891 -3621.71118164 -150 -6598.41259766 -2876.71118164 -150 -6826.98388672 -3621.71118164 -150 -8032.69824219 -2876.71118164 -150 -8032.69824219 -4191.7109375 -150 -9466.984375 -4041.71118164 -150 -9466.984375 -5431.7109375 -150 -8032.69824219 -5506.7109375 -150 -8146.98388672 -6821.7109375 -150 -6826.98388672 -5755.04443359 -150 -6826.98388672 -6821.7109375 -150 -6826.98388672 -4688.37792969 -150 -9466.984375 -6821.7109375 -150 -9466.984375 -2651.71118164 -150 -8032.69824219 -1561.71118164 -150 -6598.41259766 -1561.71118164 -150 -6598.41259766 -246.71116638 -150 -5164.12695312 -246.71116638 -150 -5164.12695312 1068.28881836 -150 -3729.84106445 1068.28881836 -150 -3729.84106445 2383.28881836 -150 -2295.55541992 2383.28881836 -150 -3352.69824219 3698.28881836 -150 -2044.12683105 3698.28881836 -150 -9466.984375 -1261.71118164 -150 -8586.984375 -1261.71118164 -150 -8032.69824219 -246.71116638 -150 -8586.984375 -21.71116447 -150 -8032.69824219 1068.28881836 -150 -8586.984375 1218.28881836 -150 -8032.69824219 2383.28881836 -150 -8586.984375 2458.28881836 -150 -8586.984375 3698.28881836 -150 -7278.41259766 3698.28881836 -150 -6598.41259766 2383.28881836 -150 -6598.41259766 1068.28881836 -150 -5969.84130859 3698.28881836 -150 -5164.12695312 2383.28881836 -150 -4661.26953125 3698.28881836 -150 -861.26971436 2383.28881836 -150 -735.55541992 3698.28881836 -150 573.01599121 2478.28881836 -150 573.01599121 3698.28881836 -150 573.01599121 1258.28881836 -150 -861.26971436 1068.28881836 -150 -2295.55541992 1068.28881836 -150 -2295.55541992 -246.71116638 -150 -3729.84106445 -246.71116638 -150 -3729.84106445 -1561.71118164 -150 -5164.12695312 -1561.71118164 -150 573.01599121 38.28883362 -150 -861.26971436 -246.71116638 -150 -2295.55541992 -1561.71118164 -150 573.01599121 -1181.71118164 -150 -861.26971436 -1561.71118164 -150 -660.31732178 -3621.71118164 0 -861.26971436 -2876.71118164 0 573.01599121 -2401.71118164 0 -861.26971436 -1561.71118164 0 573.01599121 -1181.71118164 0 -861.26971436 -246.71116638 0 573.01599121 38.28883362 0 -861.26971436 1068.28881836 0 573.01599121 1258.28881836 0 -861.26971436 2383.28881836 0 573.01599121 2478.28881836 0 -735.55541992 3698.28881836 0 -2044.12683105 3698.28881836 0 -2295.55541992 2383.28881836 0 -2295.55541992 1068.28881836 0 -2295.55541992 -246.71116638 0 -2295.55541992 -1561.71118164 0 -2295.55541992 -2876.71118164 0 -1893.65063477 -3621.71118164 0 -3126.98388672 -3621.71118164 0 -3729.84106445 -2876.71118164 0 -4360.31738281 -3621.71118164 0 -5164.12695312 -2876.71118164 0 -5593.65087891 -3621.71118164 0 -6598.41259766 -2876.71118164 0 -8032.69824219 -2876.71118164 0 -8032.69824219 -4191.7109375 0 -9466.984375 -4041.71118164 0 -9466.984375 -5431.7109375 0 -3352.69824219 3698.28881836 0 -3729.84106445 2383.28881836 0 -3729.84106445 1068.28881836 0 -3729.84106445 -246.71116638 0 -3729.84106445 -1561.71118164 0 -4661.26953125 3698.28881836 0 -5164.12695312 2383.28881836 0 -5164.12695312 1068.28881836 0 -5164.12695312 -246.71116638 0 -5164.12695312 -1561.71118164 0 -5969.84130859 3698.28881836 0 -6598.41259766 2383.28881836 0 -6598.41259766 1068.28881836 0 -6598.41259766 -246.71116638 0 -6598.41259766 -1561.71118164 0 -7278.41259766 3698.28881836 0 -8032.69824219 2383.28881836 0 -8032.69824219 1068.28881836 0 -8032.69824219 -246.71116638 0 -8032.69824219 -1561.71118164 0 -8586.984375 2458.28881836 0 -8586.984375 1218.28881836 0 -8586.984375 -21.71116447 0 -9466.984375 -2651.71118164 0 -8146.98388672 -6821.7109375 0 -8032.69824219 -5506.7109375 0 -6826.98388672 -4688.37792969 0 -6826.98388672 -5755.04443359 0 -9466.984375 -2035.04455566 0 -9466.984375 -2035.04455566 600 -9466.984375 -2035.04455566 1200 -9466.984375 -2035.04455566 1800 -9466.984375 -2035.04455566 2400 -9466.984375 -2035.04455566 3000 -9466.984375 -2608.37792969 0 -9466.984375 -2608.37792969 600 -9466.984375 -2608.37792969 1200 -9466.984375 -2608.37792969 1800 -9466.984375 -2608.37792969 2400 -9466.984375 -2608.37792969 3000 -9466.984375 -3181.71118164 2400 -9466.984375 -3181.71118164 3000 -9466.984375 -3755.04443359 2400 -9466.984375 -3755.04443359 3000 -9466.984375 -4328.37792969 2400 -9466.984375 -4328.37792969 3000 -9466.984375 -4901.7109375 2400 -9466.984375 -4901.7109375 3000 -9466.984375 -5475.04443359 2400 -9466.984375 -5475.04443359 3000 -9466.984375 -6048.37792969 2400 -9466.984375 -6048.37792969 3000 -9466.984375 -6621.7109375 2500 -9466.984375 -3181.71118164 0 -9466.984375 -3181.71118164 600 -9466.984375 -3181.71118164 1200 -9466.984375 -3181.71118164 1800 -9466.984375 -3755.04443359 0 -9466.984375 -3755.04443359 600 -9466.984375 -3755.04443359 1200 -9466.984375 -3755.04443359 1800 -9466.984375 -4328.37792969 0 -9466.984375 -4328.37792969 600 -9466.984375 -4328.37792969 1200 -9466.984375 -4328.37792969 1800 -9466.984375 -4901.7109375 0 -9466.984375 -4901.7109375 600 -9466.984375 -4901.7109375 1200 -9466.984375 -4901.7109375 1800 -9466.984375 -5475.04443359 0 -9466.984375 -5475.04443359 600 -9466.984375 -5475.04443359 1200 -9466.984375 -5475.04443359 1800 -9466.984375 -6048.37792969 0 -9466.984375 -6048.37792969 600 -9466.984375 -6048.37792969 1200 -9466.984375 -6048.37792969 1800 -9466.984375 -6621.7109375 500 -9466.984375 -6621.7109375 1000 -9466.984375 -6621.7109375 2000 -9266.984375 -1461.71118164 0 -9266.984375 -1461.71118164 500 -9266.984375 -2035.04455566 0 -9266.984375 -2035.04455566 600 -9266.984375 -2608.37792969 600 -9266.984375 -2608.37792969 1200 -9266.984375 -3181.71118164 1200 -9266.984375 -3181.71118164 1800 -9266.984375 -3755.04443359 1800 -9266.984375 -3755.04443359 2400 -9266.984375 -4328.37792969 2400 -9266.984375 -4328.37792969 3000 -9266.984375 -4901.7109375 3000 -9266.984375 -1461.71118164 1000 -9266.984375 -2035.04455566 1200 -9266.984375 -2608.37792969 1800 -9266.984375 -3181.71118164 2400 -9266.984375 -3755.04443359 3000 -9266.984375 -1461.71118164 1500 -9266.984375 -2035.04455566 1800 -9266.984375 -2608.37792969 2400 -9266.984375 -3181.71118164 3000 -9266.984375 -1461.71118164 2000 -9266.984375 -2035.04455566 2400 -9266.984375 -2608.37792969 3000 -9266.984375 -1461.71118164 2500 -9266.984375 -2035.04455566 3000 -9266.984375 -1461.71118164 3000 -9266.984375 -4901.7109375 2400 -9266.984375 -5475.04443359 3000 -9266.984375 -5475.04443359 2400 -9266.984375 -6048.37792969 3000 -9266.984375 -6048.37792969 2400 -9266.984375 -6621.7109375 2500 -9266.984375 -6621.7109375 2000 -9266.984375 -6621.7109375 3000 -9266.984375 -6048.37792969 1800 -9266.984375 -6621.7109375 1500 -9266.984375 -6048.37792969 1200 -9266.984375 -6621.7109375 1000 -9266.984375 -6048.37792969 600 -9266.984375 -6621.7109375 500 -9266.984375 -6048.37792969 0 -9266.984375 -6621.7109375 0 -9266.984375 -5475.04443359 0 -9266.984375 -5475.04443359 600 -9266.984375 -5475.04443359 1200 -9266.984375 -5475.04443359 1800 -9266.984375 -4901.7109375 0 -9266.984375 -4901.7109375 600 -9266.984375 -4901.7109375 1200 -9266.984375 -4901.7109375 1800 -9266.984375 -4328.37792969 0 -9266.984375 -4328.37792969 600 -9266.984375 -4328.37792969 1200 -9266.984375 -4328.37792969 1800 -9266.984375 -3755.04443359 0 -9266.984375 -3755.04443359 600 -9266.984375 -3755.04443359 1200 -9266.984375 -3181.71118164 0 -9266.984375 -3181.71118164 600 -9266.984375 -2608.37792969 0 173.01599121 -1261.71118164 2101.62524414 55.51599884 -1261.71118164 2101.62524414 173.01599121 -1261.71118164 2230.1965332 55.51599884 -1261.71118164 2230.1965332 173.01599121 -1261.71118164 2358.76806641 55.51599884 -1261.71118164 2358.76806641 173.01599121 -1261.71118164 2487.33959961 55.51599884 -1261.71118164 2487.33959961 173.01599121 -1261.71118164 2615.91088867 55.51599884 -1261.71118164 2615.91088867 173.01599121 -1261.71118164 2744.48242188 55.51599884 -1261.71118164 2744.48242188 173.01599121 -1261.71118164 2873.05371094 55.51599884 -1261.71118164 2873.05371094 173.01599121 -1261.71118164 3001.62524414 55.51599884 -1261.71118164 3001.62524414 -61.98400116 -1261.71118164 2873.05371094 -61.98400116 -1261.71118164 3001.62524414 -179.48400879 -1261.71118164 2873.05371094 -179.48400879 -1261.71118164 3001.62524414 -296.98400879 -1261.71118164 2873.05371094 -296.98400879 -1261.71118164 3001.62524414 -414.48400879 -1261.71118164 2873.05371094 -414.48400879 -1261.71118164 3001.62524414 -531.98400879 -1261.71118164 2873.05371094 -531.98400879 -1261.71118164 3001.62524414 -649.48400879 -1261.71118164 2873.05371094 -649.48400879 -1261.71118164 3001.62524414 -766.98400879 -1261.71118164 2873.05371094 -766.98400879 -1261.71118164 3001.62524414 -61.98400116 -1261.71118164 2101.62524414 -61.98400116 -1261.71118164 2230.1965332 -61.98400116 -1261.71118164 2358.76806641 -61.98400116 -1261.71118164 2487.33959961 -61.98400116 -1261.71118164 2615.91088867 -61.98400116 -1261.71118164 2744.48242188 -179.48400879 -1261.71118164 2101.62524414 -179.48400879 -1261.71118164 2230.1965332 -179.48400879 -1261.71118164 2358.76806641 -179.48400879 -1261.71118164 2487.33959961 -179.48400879 -1261.71118164 2615.91088867 -179.48400879 -1261.71118164 2744.48242188 -296.98400879 -1261.71118164 2101.62524414 -296.98400879 -1261.71118164 2230.1965332 -296.98400879 -1261.71118164 2358.76806641 -296.98400879 -1261.71118164 2487.33959961 -296.98400879 -1261.71118164 2615.91088867 -296.98400879 -1261.71118164 2744.48242188 -414.48400879 -1261.71118164 2101.62524414 -414.48400879 -1261.71118164 2230.1965332 -414.48400879 -1261.71118164 2358.76806641 -414.48400879 -1261.71118164 2487.33959961 -414.48400879 -1261.71118164 2615.91088867 -414.48400879 -1261.71118164 2744.48242188 -531.98400879 -1261.71118164 2101.62524414 -531.98400879 -1261.71118164 2230.1965332 -531.98400879 -1261.71118164 2358.76806641 -531.98400879 -1261.71118164 2487.33959961 -531.98400879 -1261.71118164 2615.91088867 -531.98400879 -1261.71118164 2744.48242188 -649.48400879 -1261.71118164 2101.62524414 -649.48400879 -1261.71118164 2230.1965332 -649.48400879 -1261.71118164 2358.76806641 -649.48400879 -1261.71118164 2487.33959961 -649.48400879 -1261.71118164 2615.91088867 -649.48400879 -1261.71118164 2744.48242188 -766.98400879 -1261.71118164 2101.62524414 -766.98400879 -1261.71118164 2230.1965332 -766.98400879 -1261.71118164 2358.76806641 -766.98400879 -1261.71118164 2487.33959961 -766.98400879 -1261.71118164 2615.91088867 -766.98400879 -1261.71118164 2744.48242188 55.51599884 -1461.71118164 2101.62524414 173.01599121 -1461.71118164 2101.62524414 55.51599884 -1461.71118164 2230.1965332 173.01599121 -1461.71118164 2230.1965332 55.51599884 -1461.71118164 2358.76806641 173.01599121 -1461.71118164 2358.76806641 55.51599884 -1461.71118164 2487.33959961 173.01599121 -1461.71118164 2487.33959961 55.51599884 -1461.71118164 2615.91088867 173.01599121 -1461.71118164 2615.91088867 55.51599884 -1461.71118164 2744.48242188 173.01599121 -1461.71118164 2744.48242188 55.51599884 -1461.71118164 2873.05371094 173.01599121 -1461.71118164 2873.05371094 55.51599884 -1461.71118164 3001.62524414 173.01599121 -1461.71118164 3001.62524414 -61.98400116 -1461.71118164 3001.62524414 -61.98400116 -1461.71118164 2873.05371094 -61.98400116 -1461.71118164 2744.48242188 -61.98400116 -1461.71118164 2615.91088867 -61.98400116 -1461.71118164 2487.33959961 -61.98400116 -1461.71118164 2358.76806641 -61.98400116 -1461.71118164 2230.1965332 -61.98400116 -1461.71118164 2101.62524414 -179.48400879 -1461.71118164 2230.1965332 -179.48400879 -1461.71118164 2101.62524414 -296.98400879 -1461.71118164 2230.1965332 -296.98400879 -1461.71118164 2101.62524414 -414.48400879 -1461.71118164 2230.1965332 -414.48400879 -1461.71118164 2101.62524414 -531.98400879 -1461.71118164 2230.1965332 -531.98400879 -1461.71118164 2101.62524414 -649.48400879 -1461.71118164 2230.1965332 -649.48400879 -1461.71118164 2101.62524414 -766.98400879 -1461.71118164 2230.1965332 -766.98400879 -1461.71118164 2101.62524414 -179.48400879 -1461.71118164 3001.62524414 -179.48400879 -1461.71118164 2873.05371094 -179.48400879 -1461.71118164 2744.48242188 -179.48400879 -1461.71118164 2615.91088867 -179.48400879 -1461.71118164 2487.33959961 -179.48400879 -1461.71118164 2358.76806641 -296.98400879 -1461.71118164 3001.62524414 -296.98400879 -1461.71118164 2873.05371094 -296.98400879 -1461.71118164 2744.48242188 -296.98400879 -1461.71118164 2615.91088867 -296.98400879 -1461.71118164 2487.33959961 -296.98400879 -1461.71118164 2358.76806641 -414.48400879 -1461.71118164 3001.62524414 -414.48400879 -1461.71118164 2873.05371094 -414.48400879 -1461.71118164 2744.48242188 -414.48400879 -1461.71118164 2615.91088867 -414.48400879 -1461.71118164 2487.33959961 -414.48400879 -1461.71118164 2358.76806641 -531.98400879 -1461.71118164 3001.62524414 -531.98400879 -1461.71118164 2873.05371094 -531.98400879 -1461.71118164 2744.48242188 -531.98400879 -1461.71118164 2615.91088867 -531.98400879 -1461.71118164 2487.33959961 -531.98400879 -1461.71118164 2358.76806641 -649.48400879 -1461.71118164 3001.62524414 -649.48400879 -1461.71118164 2873.05371094 -649.48400879 -1461.71118164 2744.48242188 -649.48400879 -1461.71118164 2615.91088867 -649.48400879 -1461.71118164 2487.33959961 -649.48400879 -1461.71118164 2358.76806641 -766.98400879 -1461.71118164 3001.62524414 -766.98400879 -1461.71118164 2873.05371094 -766.98400879 -1461.71118164 2744.48242188 -766.98400879 -1461.71118164 2615.91088867 -766.98400879 -1461.71118164 2487.33959961 -766.98400879 -1461.71118164 2358.76806641 -766.98400879 -1361.71118164 2101.62524414 -649.48400879 -1361.71118164 2101.62524414 -531.98400879 -1361.71118164 2101.62524414 -414.48400879 -1361.71118164 2101.62524414 -296.98400879 -1361.71118164 2101.62524414 -179.48400879 -1361.71118164 2101.62524414 -61.98400116 -1361.71118164 2101.62524414 55.51599884 -1361.71118164 2101.62524414 173.01599121 -1361.71118164 2101.62524414 -766.98400879 -1361.71118164 3001.62524414 -766.98400879 -1361.71118164 2873.05371094 -766.98400879 -1361.71118164 2744.48242188 -766.98400879 -1361.71118164 2615.91088867 -766.98400879 -1361.71118164 2487.33959961 -766.98400879 -1361.71118164 2358.76806641 -766.98400879 -1361.71118164 2230.1965332 173.01599121 -1361.71118164 3001.62524414 55.51599884 -1361.71118164 3001.62524414 -61.98400116 -1361.71118164 3001.62524414 -179.48400879 -1361.71118164 3001.62524414 -296.98400879 -1361.71118164 3001.62524414 -414.48400879 -1361.71118164 3001.62524414 -531.98400879 -1361.71118164 3001.62524414 -649.48400879 -1361.71118164 3001.62524414 173.01599121 -1361.71118164 2230.1965332 173.01599121 -1361.71118164 2358.76806641 173.01599121 -1361.71118164 2487.33959961 173.01599121 -1361.71118164 2615.91088867 173.01599121 -1361.71118164 2744.48242188 173.01599121 -1361.71118164 2873.05371094 -4426.98388672 -1261.71118164 2101.62524414 -4544.48388672 -1261.71118164 2101.62524414 -4426.98388672 -1261.71118164 2230.1965332 -4544.48388672 -1261.71118164 2230.1965332 -4426.98388672 -1261.71118164 2358.76806641 -4544.48388672 -1261.71118164 2358.76806641 -4426.98388672 -1261.71118164 2487.33959961 -4544.48388672 -1261.71118164 2487.33959961 -4426.98388672 -1261.71118164 2615.91088867 -4544.48388672 -1261.71118164 2615.91088867 -4426.98388672 -1261.71118164 2744.48242188 -4544.48388672 -1261.71118164 2744.48242188 -4426.98388672 -1261.71118164 2873.05371094 -4544.48388672 -1261.71118164 2873.05371094 -4426.98388672 -1261.71118164 3001.62524414 -4544.48388672 -1261.71118164 3001.62524414 -4661.98388672 -1261.71118164 2873.05371094 -4661.98388672 -1261.71118164 3001.62524414 -4779.48388672 -1261.71118164 2873.05371094 -4779.48388672 -1261.71118164 3001.62524414 -4896.98388672 -1261.71118164 2873.05371094 -4896.98388672 -1261.71118164 3001.62524414 -5014.48388672 -1261.71118164 2873.05371094 -5014.48388672 -1261.71118164 3001.62524414 -5131.98388672 -1261.71118164 2873.05371094 -5131.98388672 -1261.71118164 3001.62524414 -5249.48388672 -1261.71118164 2873.05371094 -5249.48388672 -1261.71118164 3001.62524414 -5366.98388672 -1261.71118164 2873.05371094 -5366.98388672 -1261.71118164 3001.62524414 -4661.98388672 -1261.71118164 2101.62524414 -4661.98388672 -1261.71118164 2230.1965332 -4661.98388672 -1261.71118164 2358.76806641 -4661.98388672 -1261.71118164 2487.33959961 -4661.98388672 -1261.71118164 2615.91088867 -4661.98388672 -1261.71118164 2744.48242188 -4779.48388672 -1261.71118164 2101.62524414 -4779.48388672 -1261.71118164 2230.1965332 -4779.48388672 -1261.71118164 2358.76806641 -4779.48388672 -1261.71118164 2487.33959961 -4779.48388672 -1261.71118164 2615.91088867 -4779.48388672 -1261.71118164 2744.48242188 -4896.98388672 -1261.71118164 2101.62524414 -4896.98388672 -1261.71118164 2230.1965332 -4896.98388672 -1261.71118164 2358.76806641 -4896.98388672 -1261.71118164 2487.33959961 -4896.98388672 -1261.71118164 2615.91088867 -4896.98388672 -1261.71118164 2744.48242188 -5014.48388672 -1261.71118164 2101.62524414 -5014.48388672 -1261.71118164 2230.1965332 -5014.48388672 -1261.71118164 2358.76806641 -5014.48388672 -1261.71118164 2487.33959961 -5014.48388672 -1261.71118164 2615.91088867 -5014.48388672 -1261.71118164 2744.48242188 -5131.98388672 -1261.71118164 2101.62524414 -5131.98388672 -1261.71118164 2230.1965332 -5131.98388672 -1261.71118164 2358.76806641 -5131.98388672 -1261.71118164 2487.33959961 -5131.98388672 -1261.71118164 2615.91088867 -5131.98388672 -1261.71118164 2744.48242188 -5249.48388672 -1261.71118164 2101.62524414 -5249.48388672 -1261.71118164 2230.1965332 -5249.48388672 -1261.71118164 2358.76806641 -5249.48388672 -1261.71118164 2487.33959961 -5249.48388672 -1261.71118164 2615.91088867 -5249.48388672 -1261.71118164 2744.48242188 -5366.98388672 -1261.71118164 2101.62524414 -5366.98388672 -1261.71118164 2230.1965332 -5366.98388672 -1261.71118164 2358.76806641 -5366.98388672 -1261.71118164 2487.33959961 -5366.98388672 -1261.71118164 2615.91088867 -5366.98388672 -1261.71118164 2744.48242188 -4544.48388672 -1461.71118164 2101.62524414 -4426.98388672 -1461.71118164 2101.62524414 -4544.48388672 -1461.71118164 2230.1965332 -4426.98388672 -1461.71118164 2230.1965332 -4544.48388672 -1461.71118164 2358.76806641 -4426.98388672 -1461.71118164 2358.76806641 -4544.48388672 -1461.71118164 2487.33959961 -4426.98388672 -1461.71118164 2487.33959961 -4544.48388672 -1461.71118164 2615.91088867 -4426.98388672 -1461.71118164 2615.91088867 -4544.48388672 -1461.71118164 2744.48242188 -4426.98388672 -1461.71118164 2744.48242188 -4544.48388672 -1461.71118164 2873.05371094 -4426.98388672 -1461.71118164 2873.05371094 -4544.48388672 -1461.71118164 3001.62524414 -4426.98388672 -1461.71118164 3001.62524414 -4661.98388672 -1461.71118164 3001.62524414 -4661.98388672 -1461.71118164 2873.05371094 -4661.98388672 -1461.71118164 2744.48242188 -4661.98388672 -1461.71118164 2615.91088867 -4661.98388672 -1461.71118164 2487.33959961 -4661.98388672 -1461.71118164 2358.76806641 -4661.98388672 -1461.71118164 2230.1965332 -4661.98388672 -1461.71118164 2101.62524414 -4779.48388672 -1461.71118164 2230.1965332 -4779.48388672 -1461.71118164 2101.62524414 -4896.98388672 -1461.71118164 2230.1965332 -4896.98388672 -1461.71118164 2101.62524414 -5014.48388672 -1461.71118164 2230.1965332 -5014.48388672 -1461.71118164 2101.62524414 -5131.98388672 -1461.71118164 2230.1965332 -5131.98388672 -1461.71118164 2101.62524414 -5249.48388672 -1461.71118164 2230.1965332 -5249.48388672 -1461.71118164 2101.62524414 -5366.98388672 -1461.71118164 2230.1965332 -5366.98388672 -1461.71118164 2101.62524414 -4779.48388672 -1461.71118164 3001.62524414 -4779.48388672 -1461.71118164 2873.05371094 -4779.48388672 -1461.71118164 2744.48242188 -4779.48388672 -1461.71118164 2615.91088867 -4779.48388672 -1461.71118164 2487.33959961 -4779.48388672 -1461.71118164 2358.76806641 -4896.98388672 -1461.71118164 3001.62524414 -4896.98388672 -1461.71118164 2873.05371094 -4896.98388672 -1461.71118164 2744.48242188 -4896.98388672 -1461.71118164 2615.91088867 -4896.98388672 -1461.71118164 2487.33959961 -4896.98388672 -1461.71118164 2358.76806641 -5014.48388672 -1461.71118164 3001.62524414 -5014.48388672 -1461.71118164 2873.05371094 -5014.48388672 -1461.71118164 2744.48242188 -5014.48388672 -1461.71118164 2615.91088867 -5014.48388672 -1461.71118164 2487.33959961 -5014.48388672 -1461.71118164 2358.76806641 -5131.98388672 -1461.71118164 3001.62524414 -5131.98388672 -1461.71118164 2873.05371094 -5131.98388672 -1461.71118164 2744.48242188 -5131.98388672 -1461.71118164 2615.91088867 -5131.98388672 -1461.71118164 2487.33959961 -5131.98388672 -1461.71118164 2358.76806641 -5249.48388672 -1461.71118164 3001.62524414 -5249.48388672 -1461.71118164 2873.05371094 -5249.48388672 -1461.71118164 2744.48242188 -5249.48388672 -1461.71118164 2615.91088867 -5249.48388672 -1461.71118164 2487.33959961 -5249.48388672 -1461.71118164 2358.76806641 -5366.98388672 -1461.71118164 3001.62524414 -5366.98388672 -1461.71118164 2873.05371094 -5366.98388672 -1461.71118164 2744.48242188 -5366.98388672 -1461.71118164 2615.91088867 -5366.98388672 -1461.71118164 2487.33959961 -5366.98388672 -1461.71118164 2358.76806641 -5366.98388672 -1361.71118164 2101.62524414 -5249.48388672 -1361.71118164 2101.62524414 -5131.98388672 -1361.71118164 2101.62524414 -5014.48388672 -1361.71118164 2101.62524414 -4896.98388672 -1361.71118164 2101.62524414 -4779.48388672 -1361.71118164 2101.62524414 -4661.98388672 -1361.71118164 2101.62524414 -4544.48388672 -1361.71118164 2101.62524414 -4426.98388672 -1361.71118164 2101.62524414 -5366.98388672 -1361.71118164 3001.62524414 -5366.98388672 -1361.71118164 2873.05371094 -5366.98388672 -1361.71118164 2744.48242188 -5366.98388672 -1361.71118164 2615.91088867 -5366.98388672 -1361.71118164 2487.33959961 -5366.98388672 -1361.71118164 2358.76806641 -5366.98388672 -1361.71118164 2230.1965332 -4426.98388672 -1361.71118164 3001.62524414 -4544.48388672 -1361.71118164 3001.62524414 -4661.98388672 -1361.71118164 3001.62524414 -4779.48388672 -1361.71118164 3001.62524414 -4896.98388672 -1361.71118164 3001.62524414 -5014.48388672 -1361.71118164 3001.62524414 -5131.98388672 -1361.71118164 3001.62524414 -5249.48388672 -1361.71118164 3001.62524414 -4426.98388672 -1361.71118164 2230.1965332 -4426.98388672 -1361.71118164 2358.76806641 -4426.98388672 -1361.71118164 2487.33959961 -4426.98388672 -1361.71118164 2615.91088867 -4426.98388672 -1361.71118164 2744.48242188 -4426.98388672 -1361.71118164 2873.05371094 -16.98400116 3298.28881836 0 178.01599121 3298.28881836 0 -16.98400116 3298.28881836 300 178.01599121 3298.28881836 300 -16.98400116 3298.28881836 600 178.01599121 3298.28881836 600 -16.98400116 3298.28881836 900 178.01599121 3298.28881836 900 -16.98400116 3298.28881836 1200 178.01599121 3298.28881836 1200 -16.98400116 3298.28881836 1500 178.01599121 3298.28881836 1500 -16.98400116 3298.28881836 1800 178.01599121 3298.28881836 1800 -16.98400116 3298.28881836 2100 178.01599121 3298.28881836 2100 -16.98400116 3298.28881836 2400 178.01599121 3298.28881836 2400 -16.98400116 3298.28881836 2700 178.01599121 3298.28881836 2700 -16.98400116 3298.28881836 3000 178.01599121 3298.28881836 3000 373.01599121 3298.28881836 2700 373.01599121 3298.28881836 3000 373.01599121 3298.28881836 0 373.01599121 3298.28881836 300 373.01599121 3298.28881836 600 373.01599121 3298.28881836 900 373.01599121 3298.28881836 1200 373.01599121 3298.28881836 1500 373.01599121 3298.28881836 1800 373.01599121 3298.28881836 2100 373.01599121 3298.28881836 2400 178.01599121 3498.28881836 0 -16.98400116 3498.28881836 0 178.01599121 3498.28881836 300 -16.98400116 3498.28881836 300 178.01599121 3498.28881836 600 -16.98400116 3498.28881836 600 178.01599121 3498.28881836 900 -16.98400116 3498.28881836 900 178.01599121 3498.28881836 1200 -16.98400116 3498.28881836 1200 178.01599121 3498.28881836 1500 -16.98400116 3498.28881836 1500 178.01599121 3498.28881836 1800 -16.98400116 3498.28881836 1800 178.01599121 3498.28881836 2100 -16.98400116 3498.28881836 2100 178.01599121 3498.28881836 2400 -16.98400116 3498.28881836 2400 178.01599121 3498.28881836 2700 -16.98400116 3498.28881836 2700 178.01599121 3498.28881836 3000 -16.98400116 3498.28881836 3000 373.01599121 3498.28881836 2700 373.01599121 3498.28881836 2400 373.01599121 3498.28881836 2100 373.01599121 3498.28881836 1800 373.01599121 3498.28881836 1200 373.01599121 3498.28881836 900 373.01599121 3498.28881836 600 373.01599121 3498.28881836 300 -16.98400116 3098.28881836 0 178.01599121 3098.28881836 0 -16.98400116 3098.28881836 300 178.01599121 3098.28881836 300 -16.98400116 3098.28881836 600 178.01599121 3098.28881836 600 -16.98400116 3098.28881836 900 178.01599121 3098.28881836 900 -16.98400116 3098.28881836 1200 178.01599121 3098.28881836 1200 -16.98400116 3098.28881836 1500 178.01599121 3098.28881836 1500 -16.98400116 3098.28881836 1800 178.01599121 3098.28881836 1800 -16.98400116 3098.28881836 2100 178.01599121 3098.28881836 2100 -16.98400116 3098.28881836 2400 178.01599121 3098.28881836 2400 -16.98400116 3098.28881836 2700 178.01599121 3098.28881836 2700 -16.98400116 3098.28881836 3000 178.01599121 3098.28881836 3000 373.01599121 3098.28881836 2700 373.01599121 3098.28881836 3000 373.01599121 3098.28881836 0 373.01599121 3098.28881836 300 373.01599121 3098.28881836 600 373.01599121 3098.28881836 900 373.01599121 3098.28881836 1200 373.01599121 3098.28881836 1500 373.01599121 3098.28881836 1800 373.01599121 3098.28881836 2100 373.01599121 3098.28881836 2400</float_array>
          <technique_common>
            <accessor source="#pos_0-array" count="5628" stride="3">
              <param name="X" type="float"/>
              <param name="Y" type="float"/>
              <param name="Z" type="float"/>
            </accessor>
          </technique_common>
        </source>
        <source id="norm_0">
          <float_array id="norm_0-array" count="1521">1 -0 0 1 -0 -0 1 -0 0 1 -0 -0 1 0 0 1 -0 0 1 -0 0 1 -0 0 1 -0 0 1 -0 -0 -1 0 0 -1 0 -0 -1 0 0 -1 0 -0 -1 0 0 -1 0 -0 -1 0 -0 -1 0 -0 -1 0 0 -1 0 0 0 -0 -1 -0 0 1 0 1 0 -0 -1 0 -0 -1 0 -0 -1 -0 -0 -1 0 -0 -1 0 -0 -1 0 -0 -1 0 -0 -1 -0 0 -1 0 -0 -1 0 -0 -1 0 -0 -1 0 -0 -1 0 -0 -1 0 -0 -1 0 -0 -1 0 -0 -1 0 -0 -1 0 -0 -1 0 -0 -1 0 -0 -1 0 -0 -1 0 -0 -1 0 -0 -1 0 -0 -1 0 -0 -1 0 -0 -1 0 -0 -1 0 -0 -1 0 -0 -1 0 -0 -1 0 -0 -1 0 -0 -1 0 -0 -1 0 -0 -1 0 -0 -1 0 -0 -1 0 -0 -1 0 -0 -1 0 -0 -1 0 -0 -1 0 -0 -1 0 -0 -1 0 0 -1 0 0 1 0 0 1 0 0 1 -0 0 1 -0 0 1 -0 0 1 0 0 1 -0 0 1 -0 0 1 -0 0 1 -0 0 1 -0 0 1 0 0 1 0 0 1 0 0 1 0 0 1 0 -1 0 0 -1 0 0 -1 0 0 -1 0 0 -1 0 -0 -1 0 -0 -1 0 -0 -1 0 -0 -1 0 -0 -1 0 -0 -1 0 -0 -1 0 -0 -1 0 -0 -1 0 -0 -1 0 -0 -1 0 -0 -1 0 -0 -1 0 -0 -1 0 -0 -1 0 -0 -1 0 -0 -1 0 -0 -1 0 -0 -1 0 0 -1 0 0 -1 0 0 -1 0 0 -1 0 0 -1 0 0 -1 0 0 -1 0 0 -1 0 0 -1 0 0 -1 0 0 -1 0 0 -1 0 0 -1 0 0 -1 0 0 -1 0 -0 1 -0 0 1 -0 0 1 -0 -0 1 -0 0 1 -0 -0 1 -0 0 1 -0 0 1 -0 0 1 -0 0 1 -0 0 1 -0 -0 1 -0 -0 1 -0 -0 1 -0 0 1 -0 0 1 -0 0 1 -0 0 0 1 -0 0 1 0 0 1 -0 0 1 -0 0 1 0 -0 -1 -0 0 -1 0 -0 -1 0 0 -1 0 -0 -1 -0 0 1 -0 0 1 0 0 1 -0 0 1 0 0 1 0 0 1 -0 0 1 -0 0 1 -0 0 1 -0 0 1 -0 0 1 -0 0 1 -0 0 1 0 0 1 0 0 1 0 0 1 0 0 1 -0 0 1 0 0 1 0 0 1 0 0 1 -0 0 1 0 0 1 0 0 1 -0 -0 -1 -0 -0 -1 0 -0 -1 0 -0 -1 -0 -0 -1 -0 -0 -1 -0 -0 -1 -0 -0 -1 -0 -0 -1 -0 -0 -1 -0 -0 -1 -0 -0 -1 -0 -0 -1 -0 -0 -1 -0 -0 -1 -0 -0 -1 -0 -0 -1 -0 -0 -1 0 -0 -1 0 -0 -1 0 -0 -1 0 -0 -1 0 -0 -1 0 -0 -1 -0 -0 -1 0 -0 -1 0 -0 -1 -0 1 -0 -0 1 -0 -0 1 -0 -0 1 -0 -0 1 -0 -0 1 -0 0 1 -0 -0 -1 0 0 -1 0 -0 -1 0 -0 -1 0 0 -1 0 0 -1 0 0 -1 0 0 -1 0 -0 1 -0 0 1 -0 0 1 -0 0 1 -0 -0 0 1 -0 0 1 0 0 1 -0 -0 -1 -0 -1 0 0 -1 0 0 -1 0 0 -1 0 -0 -1 0 -0 -1 0 -0 -1 0 -0 -1 0 -0 -1 0 0 -1 0 0 -1 0 0 1 -0 0 1 -0 0 1 -0 0 1 -0 -0 1 -0 -0 1 -0 -0 1 -0 -0 1 -0 -0 1 -0 -0 1 -0 -0 1 -0 -0 1 -0 -0 1 -0 0 1 -0 0 1 -0 0 1 -0 0 1 -0 0 1 -0 0 1 -0 0 0 1 0 0 1 0 0 1 -0 -0 -1 0 -0 -1 -0 -0 -1 0 -0 -1 -0 -0 -1 -0 -0 -1 -0 -0 -1 -0 -0 -1 -0 -0 -1 -0 -0 -1 -0 -0 -1 -0 -0 -1 -0 -0 -1 0 -0 -1 0 -0 -1 -0 -0 -1 -0 -0 -1 -0 -0 -1 -0 -0 -1 -0 -0 -1 0 -0 -1 0 -0 -1 0 -0 -1 0 -0 -1 0 -0 -1 0 -0 -1 -0 -0 -1 -0 -0 -1 -0 -0 -1 0 -0 -1 0 -0 -1 0 0 1 -0 0 1 0 0 1 0 0 1 0 0 1 0 0 1 0 0 1 0 0 1 0 0 1 0 0 1 0 0 1 0 0 1 0 0 1 0 0 1 0 0 1 -0 0 1 -0 0 1 -0 0 1 -0 0 1 0 0 1 -0 0 1 -0 0 1 -0 0 1 -0 0 1 -0 0 1 -0 0 1 -0 0 1 -0 0 1 -0 0 1 -0 0 1 0 -1 0 0 0 1 -0 0 1 -0 0 1 -0 0 1 -0 0 1 -0 0 1 -0 0 1 -0 0 1 0 -0 -1 0 -0 -1 0 -0 -1 -0 -0 -1 -0 -0 -1 0 -0 -1 0 -0 -1 -0 -0 -1 -0 -0 -1 0 1 -0 0 1 -0 0 0 1 -0 0 1 0 -0 -1 0 -0 -1 -0 -0 -1 -0 -1 0 -0 -1 0 0 -1 0 0 1 -0 0 1 -0 0 1 -0 0 -0 -1 0 -0 -1 -0 -0 -1 -0 -0 -1 -0 -0 -1 -0 -0 -1 -0 -0 -1 0 -0 -1 -0 -0 -1 0 -0 -1 0 -0 -1 0 0 1 -0 0 1 -0 0 1 0 0 1 -0 0 1 -0 0 1 -0 0 1 -0 0 1 0 0 1 0 0 1 0 0 1 0 -1 0 -0 -1 0 0 -0 -1 -0 -0 -1 -0 -0 -1 -0 -0 -1 -0 -0 -1 -0 -0 -1 -0 -0 -1 -0 -0 -1 -0 -0 -1 -0 -0 -1 -0 1 -0 0 1 -0 0 -0 -1 -0 -1 0 0 -1 0 0 -1 0 -0 -1 -0 -0 0 1 0 0 1 -0 0 1 -0 0 1 -0 0 1 -0 0 1 -0 0 1 -0 0 1 -0 0 1 -0 0 1 0 1 -0 0 1 -0 -0 1 -0 -0 1 -0 0 1 -0 0 1 -0 0 1 -0 0 1 -0 0 1 -0 0 1 -0 0 0 1 -0 -1 0 0 -1 0 0 -1 0 0 -1 0 0 -1 0 -0 -1 0 0 -1 0 0 -1 0 0 -1 0 -0 -1 0 0 -1 0 0 1 -0 0 1 0 0 1 -0 0 1 -0 0 1 -0 -0 1 -0 -0 1 -0 0 1 -0 0 1 -0 0 1 -0 -0 0 1 -0 0 1 0 0 1 0 0 1 -0 -0 -1 -0 -0 -1 0 -0 -1 0 0 -1 0 0 1 -0 0 1 0 0 1 -0 0 1 0 0 1 0 0 1 0 0 1 0 0 1 0 0 1 0 0 1 -0 0 1 -0 0 1 -0 0 1 -0 0 1 -0 -0 -1 -0 -0 -1 0 -0 -1 -0 -0 -1 0 -0 -1 -0 -0 -1 -0 -0 -1 -0 -0 -1 -0 -0 -1 -0 -0 -1 0 -0 -1 0 -0 -1 0 -0 -1 -0 -0 -1 -0 -1 0 0 1 -0 0 0 1 0 0 1 0 -0 -1 0 -0 -1 0 -0 -1 0 -0 -1 0 -0 -1 -0 -1 0 -0 -1 0 0 -1 0 0 -1 0 -0 0 -1 0 -0 -1 0 0 -1 -0 -0 -1 -0 -0 -1 0 -0 -1 0 -0 -1 0 0 1 -0 0 1 0 0 1 0 0 1 0 0 1 0 0 1 0 -1 0 0 -1 0 -0 -1 0 0 -1 0 -0 -1 0 0 -0 -1 -0 -0 -1 0 -0 -1 -0 0 1 -0 -1 0 -0 -1 0 0 -1 0 0 1 -0 -0 1 -0 0</float_array>
          <technique_common>
            <accessor source="#norm_0-array" count="1521" stride="3">
              <param name="X" type="float"/>
              <param name="Y" type="float"/>
              <param name="Z" type="float"/>
            </accessor>
          </technique_common>
        </source>
        <vertices id="vert_0">
          <input semantic="POSITION" source="#pos_0"/>
        </vertices>
        <triangles count="3836" material="mat_0">
          <input semantic="VERTEX" source="#vert_0" offset="0"/>
          <input semantic="NORMAL" source="#norm_0" offset="1"/>
          <p>0 0 1 0 2 0 2 1 1 1 3 1 2 0 3 0 4 0 4 0 3 0 5 0 4 0 5 0 6 0 6 0 5 0 7 0 6 0 7 0 8 0 8 0 7 0 9 0 8 0 9 0 10 0 10 0 9 0 11 0 10 0 11 0 12 0 12 2 11 2 13 2 13 2 11 2 14 2 13 3 14 3 15 3 15 4 14 4 16 4 15 4 16 4 17 4 17 5 16 5 18 5 17 6 18 6 19 6 19 6 18 6 20 6 19 2 20 2 21 2 21 4 20 4 22 4 21 4 22 4 23 4 23 7 22 7 24 7 23 8 24 8 25 8 25 8 24 8 26 8 25 6 26 6 27 6 27 6 26 6 28 6 27 0 28 0 29 0 1 4 30 4 3 4 3 9 30 9 31 9 3 0 31 0 5 0 5 0 31 0 32 0 5 0 32 0 7 0 7 0 32 0 33 0 7 0 33 0 9 0 9 0 33 0 34 0 9 0 34 0 11 0 11 0 34 0 14 0 30 9 35 9 31 9 31 4 35 4 36 4 31 4 36 4 32 4 32 4 36 4 37 4 32 4 37 4 33 4 33 4 37 4 38 4 33 4 38 4 34 4 34 4 38 4 39 4 34 4 39 4 14 4 14 4 39 4 16 4 35 4 40 4 36 4 36 9 40 9 41 9 36 0 41 0 37 0 37 0 41 0 42 0 37 0 42 0 38 0 38 0 42 0 43 0 38 0 43 0 39 0 39 0 43 0 44 0 39 0 44 0 16 0 16 0 44 0 18 0 40 9 45 9 41 9 41 4 45 4 46 4 41 4 46 4 42 4 42 4 46 4 47 4 42 4 47 4 43 4 43 4 47 4 48 4 43 4 48 4 44 4 44 4 48 4 49 4 44 4 49 4 18 4 18 4 49 4 20 4 45 4 50 4 46 4 46 4 50 4 51 4 46 4 51 4 47 4 47 4 51 4 52 4 47 4 52 4 48 4 48 4 52 4 53 4 48 4 53 4 49 4 49 4 53 4 54 4 49 4 54 4 20 4 20 4 54 4 22 4 50 4 55 4 51 4 51 9 55 9 56 9 51 0 56 0 52 0 52 0 56 0 57 0 52 0 57 0 53 0 53 0 57 0 58 0 53 0 58 0 54 0 54 0 58 0 59 0 54 0 59 0 22 0 22 0 59 0 24 0 55 9 60 9 56 9 56 9 60 9 61 9 56 0 61 0 57 0 57 0 61 0 62 0 57 0 62 0 58 0 58 0 62 0 63 0 58 0 63 0 59 0 59 0 63 0 64 0 59 0 64 0 24 0 24 0 64 0 26 0 60 9 65 9 61 9 61 4 65 4 66 4 61 4 66 4 62 4 62 4 66 4 67 4 62 4 67 4 63 4 63 4 67 4 68 4 63 4 68 4 64 4 64 4 68 4 69 4 64 4 69 4 26 4 26 4 69 4 28 4 70 10 71 10 72 10 72 11 71 11 73 11 72 12 73 12 74 12 74 12 73 12 75 12 74 12 75 12 76 12 76 12 75 12 77 12 76 12 77 12 78 12 78 12 77 12 79 12 78 12 79 12 80 12 80 12 79 12 81 12 80 13 81 13 82 13 82 14 81 14 83 14 82 15 84 15 80 15 80 16 84 16 85 16 80 12 85 12 78 12 78 12 85 12 86 12 78 12 86 12 76 12 76 12 86 12 87 12 76 12 87 12 74 12 74 12 87 12 88 12 74 12 88 12 72 12 72 12 88 12 89 12 72 10 89 10 70 10 70 17 89 17 90 17 90 15 89 15 91 15 90 15 91 15 92 15 92 17 91 17 93 17 92 18 93 18 94 18 94 18 93 18 95 18 94 19 95 19 96 19 96 15 95 15 97 15 96 15 97 15 98 15 98 12 97 12 99 12 98 12 99 12 100 12 100 12 99 12 101 12 100 18 101 18 102 18 102 18 101 18 103 18 102 12 103 12 104 12 84 16 105 16 85 16 85 15 105 15 106 15 85 15 106 15 86 15 86 15 106 15 107 15 86 15 107 15 87 15 87 15 107 15 108 15 87 15 108 15 88 15 88 15 108 15 109 15 88 15 109 15 89 15 89 15 109 15 91 15 105 15 110 15 106 15 106 16 110 16 111 16 106 12 111 12 107 12 107 12 111 12 112 12 107 12 112 12 108 12 108 12 112 12 113 12 108 12 113 12 109 12 109 12 113 12 114 12 109 12 114 12 91 12 91 12 114 12 93 12 110 16 115 16 111 16 111 15 115 15 116 15 111 15 116 15 112 15 112 15 116 15 117 15 112 15 117 15 113 15 113 15 117 15 118 15 113 15 118 15 114 15 114 15 118 15 119 15 114 15 119 15 93 15 93 15 119 15 95 15 115 15 120 15 116 15 116 15 120 15 121 15 116 15 121 15 117 15 117 15 121 15 122 15 117 15 122 15 118 15 118 15 122 15 123 15 118 15 123 15 119 15 119 15 123 15 124 15 119 15 124 15 95 15 95 15 124 15 97 15 120 15 125 15 121 15 121 16 125 16 126 16 121 12 126 12 122 12 122 12 126 12 127 12 122 12 127 12 123 12 123 12 127 12 128 12 123 12 128 12 124 12 124 12 128 12 129 12 124 12 129 12 97 12 97 12 129 12 99 12 125 16 130 16 126 16 126 16 130 16 131 16 126 12 131 12 127 12 127 12 131 12 132 12 127 12 132 12 128 12 128 12 132 12 133 12 128 12 133 12 129 12 129 12 133 12 134 12 129 12 134 12 99 12 99 12 134 12 101 12 130 16 135 16 131 16 131 15 135 15 136 15 131 15 136 15 132 15 132 15 136 15 137 15 132 15 137 15 133 15 133 15 137 15 138 15 133 15 138 15 134 15 134 15 138 15 139 15 134 15 139 15 101 15 101 15 139 15 103 15 104 20 65 20 102 20 102 20 65 20 60 20 102 20 60 20 100 20 100 20 60 20 55 20 100 20 55 20 98 20 98 20 55 20 50 20 98 20 50 20 96 20 96 20 50 20 45 20 96 20 45 20 94 20 94 20 45 20 40 20 94 20 40 20 92 20 92 20 40 20 35 20 92 20 35 20 90 20 90 20 35 20 30 20 90 20 30 20 70 20 70 20 30 20 1 20 70 20 1 20 71 20 71 20 1 20 0 20 83 21 12 21 82 21 82 21 12 21 13 21 82 21 13 21 84 21 84 21 13 21 15 21 84 21 15 21 105 21 105 21 15 21 17 21 105 21 17 21 110 21 110 21 17 21 19 21 110 21 19 21 115 21 115 21 19 21 21 21 115 21 21 21 120 21 120 21 21 21 23 21 120 21 23 21 125 21 125 21 23 21 25 21 125 21 25 21 130 21 130 21 25 21 27 21 130 21 27 21 135 21 135 21 27 21 29 21 135 22 29 22 136 22 136 22 29 22 28 22 136 22 28 22 137 22 137 22 28 22 69 22 137 22 69 22 138 22 138 22 69 22 68 22 138 22 68 22 139 22 139 22 68 22 67 22 139 22 67 22 103 22 103 22 67 22 66 22 103 22 66 22 104 22 104 22 66 22 65 22 71 23 0 23 73 23 73 24 0 24 2 24 73 24 2 24 75 24 75 24 2 24 4 24 75 24 4 24 77 24 77 24 4 24 6 24 77 24 6 24 79 24 79 24 6 24 8 24 79 24 8 24 81 24 81 24 8 24 10 24 81 25 10 25 83 25 83 26 10 26 12 26 104 27 140 27 141 27 141 28 140 28 142 28 141 29 142 29 138 29 138 29 142 29 143 29 138 29 143 29 144 29 144 29 143 29 145 29 144 30 145 30 135 30 135 31 145 31 146 31 146 32 145 32 147 32 146 33 147 33 148 33 148 34 147 34 149 34 148 35 149 35 150 35 150 36 149 36 151 36 150 37 151 37 152 37 152 38 151 38 153 38 152 39 153 39 154 39 154 40 153 40 155 40 154 41 155 41 156 41 156 42 155 42 157 42 156 43 157 43 158 43 158 44 157 44 159 44 158 45 159 45 160 45 160 46 159 46 161 46 160 47 161 47 162 47 162 48 161 48 163 48 162 49 163 49 164 49 140 50 165 50 142 50 142 51 165 51 166 51 142 52 166 52 143 52 143 52 166 52 167 52 143 52 167 52 145 52 145 52 167 52 147 52 165 53 168 53 166 53 166 54 168 54 169 54 166 29 169 29 167 29 167 29 169 29 170 29 167 29 170 29 147 29 147 29 170 29 149 29 168 55 171 55 169 55 169 56 171 56 172 56 169 52 172 52 170 52 170 52 172 52 173 52 170 52 173 52 149 52 149 52 173 52 151 52 171 57 174 57 172 57 172 58 174 58 175 58 172 52 175 52 173 52 173 52 175 52 176 52 173 52 176 52 151 52 151 52 176 52 153 52 174 59 177 59 175 59 175 60 177 60 178 60 175 29 178 29 176 29 176 29 178 29 179 29 176 29 179 29 153 29 153 29 179 29 155 29 177 37 180 37 178 37 178 61 180 61 181 61 178 29 181 29 179 29 179 29 181 29 182 29 179 29 182 29 155 29 155 29 182 29 157 29 180 62 183 62 181 62 181 63 183 63 184 63 181 52 184 52 182 52 182 52 184 52 185 52 182 52 185 52 157 52 157 52 185 52 159 52 183 64 186 64 184 64 184 65 186 65 187 65 184 29 187 29 185 29 185 29 187 29 188 29 185 29 188 29 159 29 159 29 188 29 161 29 186 66 189 66 187 66 187 52 189 52 190 52 187 52 190 52 188 52 188 52 190 52 191 52 188 52 191 52 161 52 161 52 191 52 163 52 192 67 193 67 194 67 194 68 193 68 195 68 194 69 195 69 196 69 196 69 195 69 197 69 196 69 197 69 198 69 198 69 197 69 199 69 198 70 199 70 200 70 200 71 199 71 201 71 200 70 202 70 198 70 198 70 202 70 203 70 198 69 203 69 196 69 196 69 203 69 204 69 196 69 204 69 194 69 194 69 204 69 205 69 194 72 205 72 192 72 192 69 205 69 206 69 206 73 205 73 207 73 206 73 207 73 208 73 208 69 207 69 209 69 208 71 209 71 210 71 210 74 209 74 211 74 210 74 211 74 212 74 212 74 211 74 213 74 212 75 213 75 214 75 214 76 213 76 215 76 214 70 215 70 216 70 216 70 215 70 217 70 216 71 217 71 218 71 218 74 217 74 219 74 218 75 219 75 220 75 220 76 219 76 221 76 220 69 221 69 222 69 202 77 223 77 203 77 203 78 223 78 224 78 203 73 224 73 204 73 204 73 224 73 225 73 204 73 225 73 205 73 205 73 225 73 207 73 223 68 226 68 224 68 224 68 226 68 227 68 224 69 227 69 225 69 225 69 227 69 228 69 225 69 228 69 207 69 207 69 228 69 209 69 226 68 229 68 227 68 227 68 229 68 230 68 227 69 230 69 228 69 228 69 230 69 231 69 228 69 231 69 209 69 209 69 231 69 211 69 229 78 232 78 230 78 230 79 232 79 233 79 230 69 233 69 231 69 231 69 233 69 234 69 231 69 234 69 211 69 211 69 234 69 213 69 232 80 235 80 233 80 233 81 235 81 236 81 233 82 236 82 234 82 234 82 236 82 237 82 234 82 237 82 213 82 213 82 237 82 215 82 235 68 238 68 236 68 236 68 238 68 239 68 236 69 239 69 237 69 237 69 239 69 240 69 237 69 240 69 215 69 215 69 240 69 217 69 238 78 241 78 239 78 239 79 241 79 242 79 239 69 242 69 240 69 240 69 242 69 243 69 240 69 243 69 217 69 217 69 243 69 219 69 241 79 244 79 242 79 242 82 244 82 245 82 242 82 245 82 243 82 243 82 245 82 246 82 243 82 246 82 219 82 219 82 246 82 221 82 222 20 189 20 220 20 220 20 189 20 186 20 220 20 186 20 218 20 218 20 186 20 183 20 218 20 183 20 216 20 216 20 183 20 180 20 216 20 180 20 214 20 214 20 180 20 177 20 214 20 177 20 212 20 212 20 177 20 174 20 212 20 174 20 210 20 210 20 174 20 171 20 210 20 171 20 208 20 208 20 171 20 168 20 208 20 168 20 206 20 206 20 168 20 165 20 206 20 165 20 192 20 192 20 165 20 140 20 192 20 140 20 193 20 193 20 140 20 104 20 201 21 135 21 200 21 200 21 135 21 146 21 200 21 146 21 202 21 202 21 146 21 148 21 202 21 148 21 223 21 223 21 148 21 150 21 223 21 150 21 226 21 226 21 150 21 152 21 226 21 152 21 229 21 229 21 152 21 154 21 229 21 154 21 232 21 232 21 154 21 156 21 232 21 156 21 235 21 235 21 156 21 158 21 235 21 158 21 238 21 238 21 158 21 160 21 238 21 160 21 241 21 241 21 160 21 162 21 241 21 162 21 244 21 244 21 162 21 164 21 244 4 164 4 245 4 245 4 164 4 163 4 245 4 163 4 246 4 246 4 163 4 191 4 246 4 191 4 221 4 221 4 191 4 190 4 221 4 190 4 222 4 222 4 190 4 189 4 193 15 104 15 195 15 195 15 104 15 141 15 195 15 141 15 197 15 197 15 141 15 138 15 197 15 138 15 199 15 199 15 138 15 144 15 199 15 144 15 201 15 201 15 144 15 135 15 247 83 248 83 249 83 249 84 248 84 250 84 249 85 250 85 251 85 251 86 250 86 252 86 251 86 252 86 253 86 253 86 252 86 254 86 253 86 254 86 255 86 255 87 254 87 256 87 256 88 254 88 257 88 256 89 257 89 258 89 258 90 257 90 259 90 258 91 259 91 260 91 260 92 259 92 261 92 260 93 261 93 262 93 262 94 261 94 263 94 262 95 263 95 264 95 264 96 263 96 265 96 264 97 265 97 266 97 266 98 265 98 267 98 266 99 267 99 268 99 268 100 267 100 269 100 268 101 269 101 270 101 270 102 269 102 271 102 270 103 271 103 272 103 272 104 271 104 273 104 272 105 273 105 274 105 248 106 275 106 250 106 250 107 275 107 276 107 250 86 276 86 252 86 252 86 276 86 277 86 252 86 277 86 254 86 254 86 277 86 257 86 275 108 278 108 276 108 276 109 278 109 279 109 276 83 279 83 277 83 277 83 279 83 280 83 277 83 280 83 257 83 257 83 280 83 259 83 278 109 281 109 279 109 279 110 281 110 282 110 279 86 282 86 280 86 280 86 282 86 283 86 280 86 283 86 259 86 259 86 283 86 261 86 281 111 284 111 282 111 282 112 284 112 285 112 282 86 285 86 283 86 283 86 285 86 286 86 283 86 286 86 261 86 261 86 286 86 263 86 284 113 287 113 285 113 285 114 287 114 288 114 285 86 288 86 286 86 286 86 288 86 289 86 286 86 289 86 263 86 263 86 289 86 265 86 287 115 290 115 288 115 288 115 290 115 291 115 288 83 291 83 289 83 289 83 291 83 292 83 289 83 292 83 265 83 265 83 292 83 267 83 290 116 293 116 291 116 291 117 293 117 294 117 291 86 294 86 292 86 292 86 294 86 295 86 292 86 295 86 267 86 267 86 295 86 269 86 293 118 296 118 294 118 294 119 296 119 297 119 294 86 297 86 295 86 295 86 297 86 298 86 295 86 298 86 269 86 269 86 298 86 271 86 296 120 299 120 297 120 297 85 299 85 300 85 297 86 300 86 298 86 298 121 300 121 301 121 298 86 301 86 271 86 271 86 301 86 273 86 302 122 189 122 303 122 303 123 189 123 190 123 303 123 190 123 304 123 304 123 190 123 191 123 304 123 191 123 305 123 305 123 191 123 163 123 305 124 163 124 306 124 306 125 163 125 164 125 306 124 307 124 305 124 305 126 307 126 308 126 305 123 308 123 304 123 304 123 308 123 309 123 304 123 309 123 303 123 303 123 309 123 310 123 303 122 310 122 302 122 302 125 310 125 311 125 311 125 310 125 312 125 311 122 312 122 313 122 313 122 312 122 314 122 313 127 314 127 315 127 315 128 314 128 316 128 315 129 316 129 317 129 317 128 316 128 318 128 317 123 318 123 319 123 319 130 318 130 320 130 319 131 320 131 321 131 321 131 320 131 322 131 321 132 322 132 323 132 323 133 322 133 324 133 323 124 324 124 325 124 325 124 324 124 326 124 325 134 326 134 327 134 307 126 328 126 308 126 308 135 328 135 329 135 308 123 329 123 309 123 309 123 329 123 330 123 309 123 330 123 310 123 310 123 330 123 312 123 328 136 331 136 329 136 329 123 331 123 332 123 329 123 332 123 330 123 330 123 332 123 333 123 330 123 333 123 312 123 312 123 333 123 314 123 331 123 334 123 332 123 332 123 334 123 335 123 332 123 335 123 333 123 333 123 335 123 336 123 333 123 336 123 314 123 314 123 336 123 316 123 334 123 337 123 335 123 335 127 337 127 338 127 335 123 338 123 336 123 336 123 338 123 339 123 336 123 339 123 316 123 316 123 339 123 318 123 337 128 340 128 338 128 338 134 340 134 341 134 338 130 341 130 339 130 339 130 341 130 342 130 339 130 342 130 318 130 318 130 342 130 320 130 340 134 343 134 341 134 341 137 343 137 344 137 341 123 344 123 342 123 342 123 344 123 345 123 342 123 345 123 320 123 320 123 345 123 322 123 343 137 346 137 344 137 344 125 346 125 347 125 344 123 347 123 345 123 345 123 347 123 348 123 345 123 348 123 322 123 322 123 348 123 324 123 346 138 349 138 347 138 347 131 349 131 350 131 347 123 350 123 348 123 348 122 350 122 351 122 348 123 351 123 324 123 324 123 351 123 326 123 327 20 299 20 325 20 325 20 299 20 296 20 325 20 296 20 323 20 323 20 296 20 293 20 323 20 293 20 321 20 321 20 293 20 290 20 321 20 290 20 319 20 319 20 290 20 287 20 319 20 287 20 317 20 317 20 287 20 284 20 317 20 284 20 315 20 315 20 284 20 281 20 315 20 281 20 313 20 313 20 281 20 278 20 313 20 278 20 311 20 311 20 278 20 275 20 311 20 275 20 302 20 302 20 275 20 248 20 302 20 248 20 189 20 189 20 248 20 247 20 164 21 255 21 306 21 306 21 255 21 256 21 306 21 256 21 307 21 307 21 256 21 258 21 307 21 258 21 328 21 328 21 258 21 260 21 328 21 260 21 331 21 331 21 260 21 262 21 331 21 262 21 334 21 334 21 262 21 264 21 334 21 264 21 337 21 337 21 264 21 266 21 337 21 266 21 340 21 340 21 266 21 268 21 340 21 268 21 343 21 343 21 268 21 270 21 343 21 270 21 346 21 346 21 270 21 272 21 346 21 272 21 349 21 349 21 272 21 274 21 189 139 247 139 190 139 190 139 247 139 249 139 190 139 249 139 191 139 191 140 249 140 251 140 191 141 251 141 163 141 163 141 251 141 253 141 163 142 253 142 164 142 164 143 253 143 255 143 349 144 274 144 350 144 350 145 274 145 273 145 350 145 273 145 351 145 351 146 273 146 301 146 351 146 301 146 326 146 326 145 301 145 300 145 326 147 300 147 327 147 327 148 300 148 299 148 352 149 353 149 354 149 354 150 353 150 355 150 354 149 355 149 356 149 356 150 355 150 357 150 356 151 357 151 358 151 358 150 357 150 359 150 358 149 359 149 360 149 360 152 359 152 361 152 361 153 359 153 362 153 361 150 362 150 363 150 363 150 362 150 364 150 363 154 364 154 365 154 365 155 364 155 366 155 365 155 366 155 367 155 367 154 366 154 368 154 367 156 368 156 369 156 369 156 368 156 370 156 369 157 370 157 371 157 371 157 370 157 372 157 371 150 372 150 373 150 373 150 372 150 374 150 373 154 374 154 375 154 375 158 374 158 376 158 375 159 376 159 377 159 377 160 376 160 378 160 377 160 378 160 379 160 353 149 380 149 355 149 355 161 380 161 381 161 355 150 381 150 357 150 357 150 381 150 382 150 357 150 382 150 359 150 359 150 382 150 362 150 380 162 383 162 381 162 381 163 383 163 384 163 381 150 384 150 382 150 382 150 384 150 385 150 382 150 385 150 362 150 362 150 385 150 364 150 383 163 386 163 384 163 384 163 386 163 387 163 384 150 387 150 385 150 385 150 387 150 388 150 385 150 388 150 364 150 364 150 388 150 366 150 386 163 389 163 387 163 387 164 389 164 390 164 387 165 390 165 388 165 388 165 390 165 391 165 388 165 391 165 366 165 366 165 391 165 368 165 389 166 392 166 390 166 390 166 392 166 393 166 390 150 393 150 391 150 391 150 393 150 394 150 391 150 394 150 368 150 368 150 394 150 370 150 392 166 395 166 393 166 393 166 395 166 396 166 393 150 396 150 394 150 394 150 396 150 397 150 394 150 397 150 370 150 370 150 397 150 372 150 395 164 398 164 396 164 396 163 398 163 399 163 396 150 399 150 397 150 397 150 399 150 400 150 397 150 400 150 372 150 372 150 400 150 374 150 398 167 401 167 399 167 399 168 401 168 402 168 399 169 402 169 400 169 400 169 402 169 403 169 400 169 403 169 374 169 374 169 403 169 376 169 401 170 404 170 402 170 402 171 404 171 405 171 402 172 405 172 403 172 403 172 405 172 406 172 403 172 406 172 376 172 376 172 406 172 378 172 407 173 299 173 408 173 408 174 299 174 300 174 408 175 300 175 409 175 409 174 300 174 301 174 409 175 301 175 410 175 410 174 301 174 273 174 410 176 273 176 411 176 411 175 273 175 274 175 411 176 412 176 410 176 410 175 412 175 413 175 410 175 413 175 409 175 409 175 413 175 414 175 409 175 414 175 408 175 408 175 414 175 415 175 408 177 415 177 407 177 407 178 415 178 416 178 416 179 415 179 417 179 416 180 417 180 418 180 418 181 417 181 419 181 418 181 419 181 420 181 420 182 419 182 421 182 420 183 421 183 422 183 422 184 421 184 423 184 422 184 423 184 424 184 424 184 423 184 425 184 424 185 425 185 426 185 426 186 425 186 427 186 426 186 427 186 428 186 428 187 427 187 429 187 428 188 429 188 430 188 430 188 429 188 431 188 430 188 431 188 432 188 412 189 433 189 413 189 413 190 433 190 434 190 413 175 434 175 414 175 414 175 434 175 435 175 414 175 435 175 415 175 415 175 435 175 417 175 433 190 436 190 434 190 434 190 436 190 437 190 434 175 437 175 435 175 435 175 437 175 438 175 435 175 438 175 417 175 417 175 438 175 419 175 436 190 439 190 437 190 437 189 439 189 440 189 437 189 440 189 438 189 438 189 440 189 441 189 438 189 441 189 419 189 419 189 441 189 421 189 439 175 442 175 440 175 440 191 442 191 443 191 440 175 443 175 441 175 441 175 443 175 444 175 441 175 444 175 421 175 421 175 444 175 423 175 442 191 445 191 443 191 443 192 445 192 446 192 443 175 446 175 444 175 444 175 446 175 447 175 444 175 447 175 423 175 423 175 447 175 425 175 445 193 448 193 446 193 446 190 448 190 449 190 446 175 449 175 447 175 447 175 449 175 450 175 447 175 450 175 425 175 425 175 450 175 427 175 448 194 451 194 449 194 449 195 451 195 452 195 449 196 452 196 450 196 450 196 452 196 453 196 450 196 453 196 427 196 427 196 453 196 429 196 451 197 454 197 452 197 452 198 454 198 455 198 452 199 455 199 453 199 453 199 455 199 456 199 453 199 456 199 429 199 429 199 456 199 431 199 432 20 404 20 430 20 430 20 404 20 401 20 430 20 401 20 428 20 428 20 401 20 398 20 428 20 398 20 426 20 426 20 398 20 395 20 426 20 395 20 424 20 424 20 395 20 392 20 424 20 392 20 422 20 422 20 392 20 389 20 422 20 389 20 420 20 420 20 389 20 386 20 420 20 386 20 418 20 418 20 386 20 383 20 418 20 383 20 416 20 416 20 383 20 380 20 416 20 380 20 407 20 407 20 380 20 353 20 407 20 353 20 299 20 299 20 353 20 352 20 274 21 360 21 411 21 411 21 360 21 361 21 411 21 361 21 412 21 412 21 361 21 363 21 412 21 363 21 433 21 433 21 363 21 365 21 433 21 365 21 436 21 436 21 365 21 367 21 436 21 367 21 439 21 439 21 367 21 369 21 439 21 369 21 442 21 442 21 369 21 371 21 442 21 371 21 445 21 445 21 371 21 373 21 445 21 373 21 448 21 448 21 373 21 375 21 448 21 375 21 451 21 451 21 375 21 377 21 451 21 377 21 454 21 454 21 377 21 379 21 299 200 352 200 300 200 300 201 352 201 354 201 300 202 354 202 301 202 301 203 354 203 356 203 301 203 356 203 273 203 273 204 356 204 358 204 273 205 358 205 274 205 274 206 358 206 360 206 454 207 379 207 455 207 455 207 379 207 378 207 455 15 378 15 456 15 456 15 378 15 406 15 456 15 406 15 431 15 431 15 406 15 405 15 431 208 405 208 432 208 432 208 405 208 404 208 432 209 457 209 458 209 458 210 457 210 459 210 458 210 459 210 460 210 460 210 459 210 461 210 460 210 461 210 462 210 462 210 461 210 463 210 462 210 463 210 464 210 464 210 463 210 465 210 464 210 465 210 466 210 466 210 465 210 467 210 466 210 467 210 468 210 468 210 467 210 469 210 468 211 469 211 454 211 454 212 469 212 470 212 470 15 469 15 471 15 470 15 471 15 472 15 472 210 471 210 473 210 472 210 473 210 474 210 474 210 473 210 475 210 474 210 475 210 476 210 476 15 475 15 477 15 476 15 477 15 478 15 478 210 477 210 479 210 478 210 479 210 480 210 480 15 479 15 481 15 480 15 481 15 482 15 482 213 481 213 483 213 482 213 483 213 484 213 457 15 485 15 459 15 459 15 485 15 486 15 459 15 486 15 461 15 461 15 486 15 487 15 461 15 487 15 463 15 463 15 487 15 488 15 463 15 488 15 465 15 465 15 488 15 489 15 465 15 489 15 467 15 467 15 489 15 490 15 467 15 490 15 469 15 469 15 490 15 471 15 485 210 491 210 486 210 486 210 491 210 492 210 486 210 492 210 487 210 487 210 492 210 493 210 487 210 493 210 488 210 488 210 493 210 494 210 488 210 494 210 489 210 489 210 494 210 495 210 489 210 495 210 490 210 490 210 495 210 496 210 490 210 496 210 471 210 471 210 496 210 473 210 491 15 497 15 492 15 492 214 497 214 498 214 492 210 498 210 493 210 493 210 498 210 499 210 493 210 499 210 494 210 494 210 499 210 500 210 494 210 500 210 495 210 495 210 500 210 501 210 495 210 501 210 496 210 496 210 501 210 502 210 496 210 502 210 473 210 473 210 502 210 475 210 497 214 503 214 498 214 498 15 503 15 504 15 498 15 504 15 499 15 499 15 504 15 505 15 499 15 505 15 500 15 500 15 505 15 506 15 500 15 506 15 501 15 501 15 506 15 507 15 501 15 507 15 502 15 502 15 507 15 508 15 502 15 508 15 475 15 475 15 508 15 477 15 503 210 509 210 504 210 504 210 509 210 510 210 504 210 510 210 505 210 505 210 510 210 511 210 505 210 511 210 506 210 506 210 511 210 512 210 506 210 512 210 507 210 507 210 512 210 513 210 507 210 513 210 508 210 508 210 513 210 514 210 508 210 514 210 477 210 477 210 514 210 479 210 509 15 515 15 510 15 510 15 515 15 516 15 510 15 516 15 511 15 511 15 516 15 517 15 511 15 517 15 512 15 512 15 517 15 518 15 512 15 518 15 513 15 513 15 518 15 519 15 513 15 519 15 514 15 514 15 519 15 520 15 514 15 520 15 479 15 479 15 520 15 481 15 515 213 521 213 516 213 516 213 521 213 522 213 516 213 522 213 517 213 517 213 522 213 523 213 517 213 523 213 518 213 518 213 523 213 524 213 518 213 524 213 519 213 519 213 524 213 525 213 519 213 525 213 520 213 520 213 525 213 526 213 520 213 526 213 481 213 481 213 526 213 483 213 527 215 528 215 529 215 529 215 528 215 530 215 529 215 530 215 531 215 531 215 530 215 532 215 531 215 532 215 533 215 533 215 532 215 534 215 533 215 534 215 535 215 535 215 534 215 536 215 535 215 536 215 537 215 537 215 536 215 538 215 537 215 538 215 539 215 539 215 538 215 540 215 539 215 540 215 541 215 541 215 540 215 542 215 541 4 543 4 539 4 539 4 543 4 544 4 539 4 544 4 537 4 537 4 544 4 545 4 537 4 545 4 535 4 535 4 545 4 546 4 535 4 546 4 533 4 533 4 546 4 547 4 533 4 547 4 531 4 531 4 547 4 548 4 531 4 548 4 529 4 529 4 548 4 549 4 529 4 549 4 527 4 527 4 549 4 550 4 550 215 549 215 551 215 550 215 551 215 552 215 552 215 551 215 553 215 552 215 553 215 554 215 554 4 553 4 555 4 554 4 555 4 556 4 556 215 555 215 557 215 556 215 557 215 558 215 558 4 557 4 559 4 558 4 559 4 560 4 560 216 559 216 561 216 560 217 561 217 562 217 543 215 563 215 544 215 544 215 563 215 564 215 544 215 564 215 545 215 545 215 564 215 565 215 545 215 565 215 546 215 546 215 565 215 566 215 546 215 566 215 547 215 547 215 566 215 567 215 547 215 567 215 548 215 548 215 567 215 568 215 548 215 568 215 549 215 549 215 568 215 551 215 563 4 569 4 564 4 564 218 569 218 570 218 564 215 570 215 565 215 565 215 570 215 571 215 565 215 571 215 566 215 566 215 571 215 572 215 566 215 572 215 567 215 567 215 572 215 573 215 567 215 573 215 568 215 568 215 573 215 574 215 568 215 574 215 551 215 551 215 574 215 553 215 569 218 575 218 570 218 570 4 575 4 576 4 570 4 576 4 571 4 571 4 576 4 577 4 571 4 577 4 572 4 572 4 577 4 578 4 572 4 578 4 573 4 573 4 578 4 579 4 573 4 579 4 574 4 574 4 579 4 580 4 574 4 580 4 553 4 553 4 580 4 555 4 575 215 581 215 576 215 576 215 581 215 582 215 576 215 582 215 577 215 577 215 582 215 583 215 577 215 583 215 578 215 578 215 583 215 584 215 578 215 584 215 579 215 579 215 584 215 585 215 579 215 585 215 580 215 580 215 585 215 586 215 580 215 586 215 555 215 555 215 586 215 557 215 581 4 587 4 582 4 582 4 587 4 588 4 582 4 588 4 583 4 583 4 588 4 589 4 583 4 589 4 584 4 584 4 589 4 590 4 584 4 590 4 585 4 585 4 590 4 591 4 585 4 591 4 586 4 586 4 591 4 592 4 586 4 592 4 557 4 557 4 592 4 559 4 587 217 593 217 588 217 588 217 593 217 594 217 588 217 594 217 589 217 589 217 594 217 595 217 589 217 595 217 590 217 590 217 595 217 596 217 590 217 596 217 591 217 591 217 596 217 597 217 591 217 597 217 592 217 592 217 597 217 598 217 592 217 598 217 559 217 559 217 598 217 561 217 562 20 521 20 560 20 560 20 521 20 515 20 560 20 515 20 558 20 558 20 515 20 509 20 558 20 509 20 556 20 556 20 509 20 503 20 556 20 503 20 554 20 554 20 503 20 497 20 554 20 497 20 552 20 552 20 497 20 491 20 552 20 491 20 550 20 550 20 491 20 485 20 550 20 485 20 527 20 527 20 485 20 457 20 527 20 457 20 528 20 528 20 457 20 432 20 542 21 454 21 541 21 541 21 454 21 470 21 541 21 470 21 543 21 543 21 470 21 472 21 543 21 472 21 563 21 563 21 472 21 474 21 563 21 474 21 569 21 569 21 474 21 476 21 569 21 476 21 575 21 575 21 476 21 478 21 575 21 478 21 581 21 581 21 478 21 480 21 581 21 480 21 587 21 587 21 480 21 482 21 587 21 482 21 593 21 593 21 482 21 484 21 528 219 432 219 530 219 530 220 432 220 458 220 530 219 458 219 532 219 532 219 458 219 460 219 532 219 460 219 534 219 534 219 460 219 462 219 534 219 462 219 536 219 536 219 462 219 464 219 536 219 464 219 538 219 538 219 464 219 466 219 538 219 466 219 540 219 540 219 466 219 468 219 540 219 468 219 542 219 542 221 468 221 454 221 593 222 484 222 594 222 594 222 484 222 483 222 594 222 483 222 595 222 595 222 483 222 526 222 595 222 526 222 596 222 596 222 526 222 525 222 596 222 525 222 597 222 597 222 525 222 524 222 597 222 524 222 598 222 598 222 524 222 523 222 598 222 523 222 561 222 561 222 523 222 522 222 561 222 522 222 562 222 562 222 522 222 521 222 599 223 600 223 601 223 601 224 600 224 602 224 601 223 602 223 603 223 603 223 602 223 604 223 603 223 604 223 605 223 605 223 604 223 606 223 605 223 606 223 607 223 607 223 606 223 608 223 607 223 608 223 609 223 609 223 608 223 610 223 609 223 610 223 611 223 611 225 610 225 612 225 612 225 610 225 613 225 612 223 613 223 614 223 614 223 613 223 615 223 614 223 615 223 616 223 616 223 615 223 617 223 616 226 617 226 618 226 618 226 617 226 619 226 618 226 619 226 620 226 620 226 619 226 621 226 620 227 621 227 622 227 622 227 621 227 623 227 622 228 623 228 624 228 624 229 623 229 625 229 624 230 625 230 626 230 626 227 625 227 627 227 626 223 627 223 628 223 600 224 629 224 602 224 602 223 629 223 630 223 602 223 630 223 604 223 604 223 630 223 631 223 604 223 631 223 606 223 606 223 631 223 632 223 606 223 632 223 608 223 608 223 632 223 633 223 608 223 633 223 610 223 610 223 633 223 613 223 629 223 634 223 630 223 630 225 634 225 635 225 630 223 635 223 631 223 631 223 635 223 636 223 631 223 636 223 632 223 632 223 636 223 637 223 632 223 637 223 633 223 633 223 637 223 638 223 633 223 638 223 613 223 613 223 638 223 615 223 634 225 639 225 635 225 635 231 639 231 640 231 635 223 640 223 636 223 636 223 640 223 641 223 636 223 641 223 637 223 637 223 641 223 642 223 637 223 642 223 638 223 638 223 642 223 643 223 638 223 643 223 615 223 615 223 643 223 617 223 639 231 644 231 640 231 640 232 644 232 645 232 640 223 645 223 641 223 641 223 645 223 646 223 641 223 646 223 642 223 642 223 646 223 647 223 642 223 647 223 643 223 643 223 647 223 648 223 643 223 648 223 617 223 617 223 648 223 619 223 644 232 649 232 645 232 645 233 649 233 650 233 645 223 650 223 646 223 646 223 650 223 651 223 646 223 651 223 647 223 647 223 651 223 652 223 647 223 652 223 648 223 648 223 652 223 653 223 648 223 653 223 619 223 619 223 653 223 621 223 649 233 654 233 650 233 650 233 654 233 655 233 650 223 655 223 651 223 651 223 655 223 656 223 651 223 656 223 652 223 652 223 656 223 657 223 652 223 657 223 653 223 653 223 657 223 658 223 653 223 658 223 621 223 621 223 658 223 623 223 654 233 659 233 655 233 655 233 659 233 660 233 655 223 660 223 656 223 656 223 660 223 661 223 656 223 661 223 657 223 657 223 661 223 662 223 657 223 662 223 658 223 658 223 662 223 663 223 658 223 663 223 623 223 623 223 663 223 625 223 659 233 664 233 660 233 660 223 664 223 665 223 660 223 665 223 661 223 661 223 665 223 666 223 661 223 666 223 662 223 662 223 666 223 667 223 662 223 667 223 663 223 663 223 667 223 668 223 663 223 668 223 625 223 625 223 668 223 627 223 669 234 174 234 670 234 670 235 174 235 671 235 670 236 671 236 672 236 672 236 671 236 673 236 672 236 673 236 674 236 674 236 673 236 176 236 674 236 176 236 675 236 675 237 176 237 676 237 675 236 676 236 677 236 677 236 676 236 678 236 677 236 678 236 679 236 679 238 678 238 154 238 679 234 680 234 677 234 677 234 680 234 681 234 677 234 681 234 675 234 675 234 681 234 682 234 675 234 682 234 674 234 674 234 682 234 683 234 674 234 683 234 672 234 672 234 683 234 684 234 672 234 684 234 670 234 670 234 684 234 685 234 670 234 685 234 669 234 669 234 685 234 686 234 686 234 685 234 687 234 686 234 687 234 688 234 688 234 687 234 689 234 688 239 689 239 690 239 690 239 689 239 691 239 690 240 691 240 692 240 692 240 691 240 693 240 692 241 693 241 694 241 694 242 693 242 695 242 694 243 695 243 696 243 696 244 695 244 697 244 696 245 697 245 698 245 698 242 697 242 699 242 698 236 699 236 700 236 680 234 701 234 681 234 681 246 701 246 702 246 681 234 702 234 682 234 682 234 702 234 703 234 682 234 703 234 683 234 683 234 703 234 704 234 683 234 704 234 684 234 684 234 704 234 705 234 684 234 705 234 685 234 685 234 705 234 687 234 701 246 706 246 702 246 702 247 706 247 707 247 702 234 707 234 703 234 703 234 707 234 708 234 703 234 708 234 704 234 704 234 708 234 709 234 704 234 709 234 705 234 705 234 709 234 710 234 705 234 710 234 687 234 687 234 710 234 689 234 706 247 711 247 707 247 707 248 711 248 712 248 707 234 712 234 708 234 708 234 712 234 713 234 708 234 713 234 709 234 709 234 713 234 714 234 709 234 714 234 710 234 710 234 714 234 715 234 710 234 715 234 689 234 689 234 715 234 691 234 711 248 716 248 712 248 712 248 716 248 717 248 712 234 717 234 713 234 713 234 717 234 718 234 713 234 718 234 714 234 714 234 718 234 719 234 714 234 719 234 715 234 715 234 719 234 720 234 715 234 720 234 691 234 691 234 720 234 693 234 716 249 721 249 717 249 717 249 721 249 722 249 717 236 722 236 718 236 718 236 722 236 723 236 718 236 723 236 719 236 719 236 723 236 724 236 719 236 724 236 720 236 720 236 724 236 725 236 720 236 725 236 693 236 693 236 725 236 695 236 721 250 726 250 722 250 722 251 726 251 727 251 722 252 727 252 723 252 723 252 727 252 728 252 723 252 728 252 724 252 724 252 728 252 729 252 724 252 729 252 725 252 725 252 729 252 730 252 725 252 730 252 695 252 695 252 730 252 697 252 726 249 731 249 727 249 727 236 731 236 732 236 727 236 732 236 728 236 728 236 732 236 733 236 728 236 733 236 729 236 729 236 733 236 734 236 729 236 734 236 730 236 730 236 734 236 735 236 730 236 735 236 697 236 697 236 735 236 699 236 700 20 664 20 698 20 698 20 664 20 659 20 698 20 659 20 696 20 696 20 659 20 654 20 696 20 654 20 694 20 694 20 654 20 649 20 694 20 649 20 692 20 692 20 649 20 644 20 692 20 644 20 690 20 690 20 644 20 639 20 690 20 639 20 688 20 688 20 639 20 634 20 688 20 634 20 686 20 686 20 634 20 629 20 686 20 629 20 669 20 669 20 629 20 600 20 669 20 600 20 174 20 174 20 600 20 599 20 154 21 611 21 679 21 679 21 611 21 612 21 679 21 612 21 680 21 680 21 612 21 614 21 680 21 614 21 701 21 701 21 614 21 616 21 701 21 616 21 706 21 706 21 616 21 618 21 706 21 618 21 711 21 711 21 618 21 620 21 711 21 620 21 716 21 716 21 620 21 622 21 716 21 622 21 721 21 721 21 622 21 624 21 721 21 624 21 726 21 726 21 624 21 626 21 726 21 626 21 731 21 731 21 626 21 628 21 174 253 599 253 671 253 671 219 599 219 601 219 671 219 601 219 673 219 673 219 601 219 603 219 673 219 603 219 176 219 176 219 603 219 605 219 176 254 605 254 676 254 676 141 605 141 607 141 676 141 607 141 678 141 678 141 607 141 609 141 678 255 609 255 154 255 154 219 609 219 611 219 731 146 628 146 732 146 732 146 628 146 627 146 732 146 627 146 733 146 733 146 627 146 668 146 733 146 668 146 734 146 734 146 668 146 667 146 734 146 667 146 735 146 735 146 667 146 666 146 735 146 666 146 699 146 699 146 666 146 665 146 699 146 665 146 700 146 700 146 665 146 664 146 736 256 737 256 738 256 738 257 737 257 739 257 738 258 739 258 740 258 740 258 739 258 741 258 740 258 741 258 742 258 742 258 741 258 743 258 742 258 743 258 744 258 744 258 743 258 745 258 744 258 745 258 746 258 746 258 745 258 747 258 746 259 747 259 748 259 748 260 747 260 749 260 749 261 747 261 750 261 749 262 750 262 751 262 751 263 750 263 752 263 751 264 752 264 753 264 753 265 752 265 754 265 753 266 754 266 755 266 755 267 754 267 756 267 755 268 756 268 757 268 757 269 756 269 758 269 757 270 758 270 759 270 759 271 758 271 760 271 759 264 760 264 761 264 761 272 760 272 762 272 761 256 762 256 763 256 737 273 764 273 739 273 739 274 764 274 765 274 739 258 765 258 741 258 741 258 765 258 766 258 741 258 766 258 743 258 743 258 766 258 767 258 743 258 767 258 745 258 745 258 767 258 768 258 745 258 768 258 747 258 747 258 768 258 750 258 764 270 769 270 765 270 765 275 769 275 770 275 765 258 770 258 766 258 766 258 770 258 771 258 766 258 771 258 767 258 767 258 771 258 772 258 767 258 772 258 768 258 768 258 772 258 773 258 768 258 773 258 750 258 750 258 773 258 752 258 769 276 774 276 770 276 770 277 774 277 775 277 770 258 775 258 771 258 771 258 775 258 776 258 771 258 776 258 772 258 772 258 776 258 777 258 772 258 777 258 773 258 773 258 777 258 778 258 773 258 778 258 752 258 752 258 778 258 754 258 774 278 779 278 775 278 775 279 779 279 780 279 775 280 780 280 776 280 776 280 780 280 781 280 776 280 781 280 777 280 777 280 781 280 782 280 777 280 782 280 778 280 778 280 782 280 783 280 778 280 783 280 754 280 754 280 783 280 756 280 779 273 784 273 780 273 780 281 784 281 785 281 780 280 785 280 781 280 781 280 785 280 786 280 781 280 786 280 782 280 782 280 786 280 787 280 782 280 787 280 783 280 783 280 787 280 788 280 783 280 788 280 756 280 756 280 788 280 758 280 784 282 789 282 785 282 785 283 789 283 790 283 785 284 790 284 786 284 786 284 790 284 791 284 786 284 791 284 787 284 787 284 791 284 792 284 787 284 792 284 788 284 788 284 792 284 793 284 788 284 793 284 758 284 758 284 793 284 760 284 789 268 794 268 790 268 790 285 794 285 795 285 790 280 795 280 791 280 791 280 795 280 796 280 791 280 796 280 792 280 792 280 796 280 797 280 792 280 797 280 793 280 793 280 797 280 798 280 793 280 798 280 760 280 760 280 798 280 762 280 794 286 799 286 795 286 748 286 800 286 746 286 801 287 802 287 803 287 803 288 802 288 804 288 803 289 804 289 805 289 805 290 804 290 806 290 805 291 806 291 807 291 807 292 806 292 808 292 807 293 808 293 809 293 809 294 808 294 810 294 809 295 810 295 811 295 811 296 810 296 812 296 811 297 812 297 813 297 813 298 812 298 814 298 813 299 814 299 815 299 815 300 814 300 816 300 815 301 816 301 817 301 817 302 816 302 818 302 817 287 818 287 819 287 804 303 802 303 820 303 820 303 802 303 821 303 820 303 821 303 822 303 822 303 821 303 823 303 822 303 823 303 824 303 824 303 823 303 825 303 824 303 825 303 826 303 826 303 825 303 827 303 826 302 827 302 828 302 828 287 827 287 829 287 828 301 830 301 826 301 826 304 830 304 831 304 826 305 831 305 824 305 824 305 831 305 832 305 824 305 832 305 822 305 822 305 832 305 833 305 822 305 833 305 820 305 820 305 833 305 834 305 820 305 834 305 804 305 804 305 834 305 806 305 830 306 835 306 831 306 831 307 835 307 836 307 831 303 836 303 832 303 832 303 836 303 837 303 832 303 837 303 833 303 833 303 837 303 838 303 833 303 838 303 834 303 834 303 838 303 839 303 834 303 839 303 806 303 806 303 839 303 808 303 835 308 840 308 836 308 836 309 840 309 841 309 836 303 841 303 837 303 837 303 841 303 842 303 837 303 842 303 838 303 838 303 842 303 843 303 838 303 843 303 839 303 839 303 843 303 844 303 839 303 844 303 808 303 808 303 844 303 810 303 840 310 845 310 841 310 841 311 845 311 846 311 841 305 846 305 842 305 842 305 846 305 847 305 842 305 847 305 843 305 843 305 847 305 848 305 843 305 848 305 844 305 844 305 848 305 849 305 844 305 849 305 810 305 810 305 849 305 812 305 845 312 850 312 846 312 846 313 850 313 851 313 846 303 851 303 847 303 847 303 851 303 852 303 847 303 852 303 848 303 848 303 852 303 853 303 848 303 853 303 849 303 849 303 853 303 854 303 849 303 854 303 812 303 812 303 854 303 814 303 850 314 855 314 851 314 851 315 855 315 856 315 851 303 856 303 852 303 852 303 856 303 857 303 852 303 857 303 853 303 853 303 857 303 858 303 853 303 858 303 854 303 854 303 858 303 859 303 854 303 859 303 814 303 814 303 859 303 816 303 855 316 860 316 856 316 856 288 860 288 861 288 856 303 861 303 857 303 857 303 861 303 862 303 857 303 862 303 858 303 858 303 862 303 863 303 858 303 863 303 859 303 859 303 863 303 864 303 859 303 864 303 816 303 816 303 864 303 818 303 860 287 865 287 861 287 819 20 799 20 817 20 817 20 799 20 794 20 817 20 794 20 789 20 817 20 789 20 815 20 815 20 789 20 784 20 815 20 784 20 813 20 813 20 784 20 779 20 813 20 779 20 811 20 811 20 779 20 774 20 811 20 774 20 809 20 809 20 774 20 769 20 809 20 769 20 807 20 807 20 769 20 764 20 807 20 764 20 805 20 805 20 764 20 737 20 805 20 737 20 803 20 803 20 737 20 801 20 801 20 737 20 736 20 865 217 763 217 861 217 861 217 763 217 762 217 861 217 762 217 862 217 862 217 762 217 798 217 862 217 798 217 863 217 863 217 798 217 797 217 863 217 797 217 864 217 864 217 797 217 796 217 864 217 796 217 818 217 818 217 796 217 795 217 818 217 795 217 819 217 819 217 795 217 799 217 829 21 800 21 828 21 828 21 800 21 748 21 828 21 748 21 749 21 828 21 749 21 830 21 830 21 749 21 751 21 830 21 751 21 835 21 835 21 751 21 753 21 835 21 753 21 840 21 840 21 753 21 755 21 840 21 755 21 845 21 845 21 755 21 757 21 845 21 757 21 850 21 850 21 757 21 759 21 850 21 759 21 855 21 855 21 759 21 761 21 855 21 761 21 860 21 860 21 761 21 865 21 865 21 761 21 763 21 801 317 736 317 802 317 802 317 736 317 738 317 802 317 738 317 821 317 821 317 738 317 740 317 821 317 740 317 823 317 823 317 740 317 742 317 823 317 742 317 825 317 825 317 742 317 744 317 825 317 744 317 827 317 827 317 744 317 746 317 827 317 746 317 829 317 829 317 746 317 800 317 866 318 867 318 868 318 868 318 867 318 869 318 868 318 869 318 870 318 870 318 869 318 871 318 870 318 871 318 872 318 872 318 871 318 873 318 872 318 873 318 874 318 874 318 873 318 875 318 874 318 875 318 876 318 876 318 875 318 877 318 876 318 877 318 878 318 878 318 877 318 879 318 878 318 879 318 880 318 880 319 879 319 881 319 881 320 879 320 882 320 881 321 882 321 883 321 883 321 882 321 884 321 883 322 884 322 885 322 885 322 884 322 886 322 885 323 886 323 887 323 887 324 886 324 888 324 887 324 888 324 889 324 889 323 888 323 890 323 889 318 890 318 891 318 891 325 890 325 892 325 891 325 892 325 893 325 893 318 892 318 894 318 893 318 894 318 895 318 867 318 896 318 869 318 869 318 896 318 897 318 869 318 897 318 871 318 871 318 897 318 898 318 871 318 898 318 873 318 873 318 898 318 899 318 873 318 899 318 875 318 875 318 899 318 900 318 875 318 900 318 877 318 877 318 900 318 901 318 877 318 901 318 879 318 879 318 901 318 882 318 896 325 902 325 897 325 897 325 902 325 903 325 897 325 903 325 898 325 898 325 903 325 904 325 898 325 904 325 899 325 899 325 904 325 905 325 899 325 905 325 900 325 900 325 905 325 906 325 900 325 906 325 901 325 901 325 906 325 907 325 901 325 907 325 882 325 882 325 907 325 884 325 902 318 908 318 903 318 903 318 908 318 909 318 903 318 909 318 904 318 904 318 909 318 910 318 904 318 910 318 905 318 905 318 910 318 911 318 905 318 911 318 906 318 906 318 911 318 912 318 906 318 912 318 907 318 907 318 912 318 913 318 907 318 913 318 884 318 884 318 913 318 886 318 908 325 914 325 909 325 909 325 914 325 915 325 909 325 915 325 910 325 910 325 915 325 916 325 910 325 916 325 911 325 911 325 916 325 917 325 911 325 917 325 912 325 912 325 917 325 918 325 912 325 918 325 913 325 913 325 918 325 919 325 913 325 919 325 886 325 886 325 919 325 888 325 914 318 920 318 915 318 915 318 920 318 921 318 915 318 921 318 916 318 916 318 921 318 922 318 916 318 922 318 917 318 917 318 922 318 923 318 917 318 923 318 918 318 918 318 923 318 924 318 918 318 924 318 919 318 919 318 924 318 925 318 919 318 925 318 888 318 888 318 925 318 890 318 920 325 926 325 921 325 921 325 926 325 927 325 921 325 927 325 922 325 922 325 927 325 928 325 922 325 928 325 923 325 923 325 928 325 929 325 923 325 929 325 924 325 924 325 929 325 930 325 924 325 930 325 925 325 925 325 930 325 931 325 925 325 931 325 890 325 890 325 931 325 892 325 926 318 932 318 927 318 927 318 932 318 933 318 927 318 933 318 928 318 928 318 933 318 934 318 928 318 934 318 929 318 929 318 934 318 935 318 929 318 935 318 930 318 930 318 935 318 936 318 930 318 936 318 931 318 931 318 936 318 937 318 931 318 937 318 892 318 892 318 937 318 894 318 938 326 939 326 940 326 940 327 939 327 941 327 940 327 941 327 942 327 942 327 941 327 943 327 942 327 943 327 944 327 944 327 943 327 945 327 944 327 945 327 946 327 946 327 945 327 947 327 946 327 947 327 948 327 948 327 947 327 949 327 948 327 949 327 950 327 950 327 949 327 951 327 950 327 951 327 952 327 952 328 951 328 953 328 952 327 954 327 950 327 950 329 954 329 955 329 950 327 955 327 948 327 948 327 955 327 956 327 948 327 956 327 946 327 946 327 956 327 957 327 946 327 957 327 944 327 944 327 957 327 958 327 944 327 958 327 942 327 942 327 958 327 959 327 942 327 959 327 940 327 940 327 959 327 960 327 940 326 960 326 938 326 938 330 960 330 961 330 961 330 960 330 962 330 961 330 962 330 963 330 963 331 962 331 964 331 963 332 964 332 965 332 965 333 964 333 966 333 965 327 966 327 967 327 967 327 966 327 968 327 967 327 968 327 969 327 969 334 968 334 970 334 969 334 970 334 971 334 971 327 970 327 972 327 971 327 972 327 973 327 954 329 974 329 955 329 955 327 974 327 975 327 955 327 975 327 956 327 956 327 975 327 976 327 956 327 976 327 957 327 957 327 976 327 977 327 957 327 977 327 958 327 958 327 977 327 978 327 958 327 978 327 959 327 959 327 978 327 979 327 959 327 979 327 960 327 960 327 979 327 962 327 974 334 980 334 975 334 975 334 980 334 981 334 975 334 981 334 976 334 976 334 981 334 982 334 976 334 982 334 977 334 977 334 982 334 983 334 977 334 983 334 978 334 978 334 983 334 984 334 978 334 984 334 979 334 979 334 984 334 985 334 979 334 985 334 962 334 962 334 985 334 964 334 980 334 986 334 981 334 981 334 986 334 987 334 981 334 987 334 982 334 982 334 987 334 988 334 982 334 988 334 983 334 983 334 988 334 989 334 983 334 989 334 984 334 984 334 989 334 990 334 984 334 990 334 985 334 985 334 990 334 991 334 985 334 991 334 964 334 964 334 991 334 966 334 986 327 992 327 987 327 987 327 992 327 993 327 987 327 993 327 988 327 988 327 993 327 994 327 988 327 994 327 989 327 989 327 994 327 995 327 989 327 995 327 990 327 990 327 995 327 996 327 990 327 996 327 991 327 991 327 996 327 997 327 991 327 997 327 966 327 966 327 997 327 968 327 992 334 998 334 993 334 993 334 998 334 999 334 993 334 999 334 994 334 994 334 999 334 1000 334 994 334 1000 334 995 334 995 334 1000 334 1001 334 995 334 1001 334 996 334 996 334 1001 334 1002 334 996 334 1002 334 997 334 997 334 1002 334 1003 334 997 334 1003 334 968 334 968 334 1003 334 970 334 998 327 1004 327 999 327 999 327 1004 327 1005 327 999 327 1005 327 1000 327 1000 327 1005 327 1006 327 1000 327 1006 327 1001 327 1001 327 1006 327 1007 327 1001 327 1007 327 1002 327 1002 327 1007 327 1008 327 1002 327 1008 327 1003 327 1003 327 1008 327 1009 327 1003 327 1009 327 970 327 970 327 1009 327 972 327 973 20 932 20 971 20 971 20 932 20 926 20 971 20 926 20 969 20 969 20 926 20 920 20 969 20 920 20 967 20 967 20 920 20 914 20 967 20 914 20 965 20 965 20 914 20 908 20 965 20 908 20 963 20 963 20 908 20 902 20 963 20 902 20 961 20 961 20 902 20 896 20 961 20 896 20 938 20 938 20 896 20 867 20 938 20 867 20 939 20 939 20 867 20 866 20 1004 213 895 213 1005 213 1005 213 895 213 894 213 1005 213 894 213 1006 213 1006 213 894 213 937 213 1006 213 937 213 1007 213 1007 213 937 213 936 213 1007 213 936 213 1008 213 1008 213 936 213 935 213 1008 213 935 213 1009 213 1009 213 935 213 934 213 1009 213 934 213 972 213 972 213 934 213 933 213 972 213 933 213 973 213 973 213 933 213 932 213 953 21 880 21 952 21 952 21 880 21 881 21 952 21 881 21 954 21 954 21 881 21 883 21 954 21 883 21 974 21 974 21 883 21 885 21 974 21 885 21 980 21 980 21 885 21 887 21 980 21 887 21 986 21 986 21 887 21 889 21 986 21 889 21 992 21 992 21 889 21 891 21 992 21 891 21 998 21 998 21 891 21 893 21 998 21 893 21 1004 21 1004 21 893 21 895 21 939 335 866 335 941 335 941 335 866 335 868 335 941 335 868 335 943 335 943 335 868 335 870 335 943 335 870 335 945 335 945 335 870 335 872 335 945 335 872 335 947 335 947 335 872 335 874 335 947 335 874 335 949 335 949 335 874 335 876 335 949 335 876 335 951 335 951 335 876 335 878 335 951 336 878 336 953 336 953 217 878 217 880 217 1010 219 1011 219 1012 219 1012 337 1011 337 1013 337 1012 219 1013 219 1014 219 1014 219 1013 219 1015 219 1014 219 1015 219 1016 219 1016 219 1015 219 1017 219 1016 219 1017 219 1018 219 1018 219 1017 219 1019 219 1018 219 1019 219 1020 219 1020 219 1019 219 1021 219 1020 219 1021 219 1022 219 1022 219 1021 219 1023 219 1022 219 1023 219 1024 219 1024 219 1023 219 1025 219 1024 219 1025 219 1026 219 1026 219 1025 219 1027 219 1026 219 1027 219 1028 219 1028 219 1027 219 1029 219 1028 219 1029 219 1030 219 1030 338 1029 338 1031 338 1032 339 1033 339 1034 339 1034 339 1033 339 1035 339 1034 339 1035 339 1036 339 1036 339 1035 339 1037 339 1036 339 1037 339 1038 339 1038 339 1037 339 1039 339 1038 339 1039 339 1040 339 1040 339 1039 339 1041 339 1040 339 1041 339 1042 339 1042 339 1041 339 1043 339 1042 339 1043 339 1044 339 1044 340 1043 340 1045 340 1044 339 1045 339 1046 339 1046 339 1045 339 1047 339 1046 339 1047 339 1048 339 1048 339 1047 339 1049 339 1048 339 1049 339 1050 339 1050 339 1049 339 1051 339 1050 341 1051 341 1052 341 1052 339 1051 339 1053 339 1010 20 1033 20 1011 20 1011 20 1033 20 1032 20 1052 342 1031 342 1050 342 1050 342 1031 342 1029 342 1050 343 1029 343 1048 343 1048 343 1029 343 1027 343 1048 343 1027 343 1046 343 1046 343 1027 343 1025 343 1046 343 1025 343 1044 343 1044 343 1025 343 1023 343 1044 343 1023 343 1042 343 1042 343 1023 343 1021 343 1042 343 1021 343 1040 343 1040 343 1021 343 1019 343 1040 343 1019 343 1038 343 1038 343 1019 343 1017 343 1038 343 1017 343 1036 343 1036 343 1017 343 1015 343 1036 343 1015 343 1034 343 1034 343 1015 343 1013 343 1034 343 1013 343 1032 343 1032 344 1013 344 1011 344 1031 21 1052 21 1030 21 1030 21 1052 21 1053 21 1033 345 1010 345 1035 345 1035 345 1010 345 1012 345 1035 345 1012 345 1037 345 1037 345 1012 345 1014 345 1037 345 1014 345 1039 345 1039 345 1014 345 1016 345 1039 345 1016 345 1041 345 1041 345 1016 345 1018 345 1041 345 1018 345 1043 345 1043 345 1018 345 1020 345 1043 346 1020 346 1045 346 1045 347 1020 347 1022 347 1045 347 1022 347 1047 347 1047 347 1022 347 1024 347 1047 347 1024 347 1049 347 1049 347 1024 347 1026 347 1049 347 1026 347 1051 347 1051 347 1026 347 1028 347 1051 347 1028 347 1053 347 1053 347 1028 347 1030 347 1054 348 1055 348 1056 348 1056 349 1055 349 1057 349 1056 348 1057 348 1058 348 1058 348 1057 348 1059 348 1058 348 1059 348 1060 348 1060 348 1059 348 1061 348 1060 349 1061 349 1062 349 1062 348 1061 348 1063 348 1062 348 1063 348 1064 348 1064 348 1063 348 1065 348 1064 348 1065 348 1066 348 1066 348 1065 348 1067 348 1066 348 1067 348 1068 348 1068 348 1067 348 1069 348 1068 348 1069 348 1070 348 1070 348 1069 348 1071 348 1071 348 1069 348 1072 348 1071 350 1072 350 1073 350 1073 351 1072 351 1074 351 1073 352 1074 352 1075 352 1075 352 1074 352 1076 352 1075 352 1076 352 1077 352 1077 352 1076 352 1078 352 1077 352 1078 352 1079 352 1079 352 1078 352 1080 352 1079 352 1080 352 1081 352 1081 353 1080 353 1082 353 1081 354 1082 354 484 354 1055 349 1083 349 1057 349 1057 349 1083 349 1084 349 1057 348 1084 348 1059 348 1059 348 1084 348 1085 348 1059 348 1085 348 1061 348 1061 348 1085 348 1086 348 1061 348 1086 348 1063 348 1063 348 1086 348 1087 348 1063 348 1087 348 1065 348 1065 348 1087 348 1088 348 1065 348 1088 348 1067 348 1067 348 1088 348 1089 348 1067 348 1089 348 1069 348 1069 348 1089 348 1072 348 1083 355 1090 355 1084 355 1084 354 1090 354 1091 354 1084 354 1091 354 1085 354 1085 354 1091 354 1092 354 1085 354 1092 354 1086 354 1086 354 1092 354 1093 354 1086 354 1093 354 1087 354 1087 354 1093 354 1094 354 1087 354 1094 354 1088 354 1088 354 1094 354 1095 354 1088 354 1095 354 1089 354 1089 354 1095 354 1096 354 1089 354 1096 354 1072 354 1072 354 1096 354 1074 354 1090 348 1097 348 1091 348 1091 348 1097 348 1098 348 1091 348 1098 348 1092 348 1092 348 1098 348 1099 348 1092 348 1099 348 1093 348 1093 348 1099 348 1100 348 1093 348 1100 348 1094 348 1094 348 1100 348 1101 348 1094 348 1101 348 1095 348 1095 348 1101 348 1102 348 1095 348 1102 348 1096 348 1096 348 1102 348 1103 348 1096 348 1103 348 1074 348 1074 348 1103 348 1076 348 1097 348 1104 348 1098 348 1098 348 1104 348 1105 348 1098 348 1105 348 1099 348 1099 348 1105 348 1106 348 1099 348 1106 348 1100 348 1100 348 1106 348 1107 348 1100 348 1107 348 1101 348 1101 348 1107 348 1108 348 1101 348 1108 348 1102 348 1102 348 1108 348 1109 348 1102 348 1109 348 1103 348 1103 348 1109 348 1110 348 1103 348 1110 348 1076 348 1076 348 1110 348 1078 348 1104 354 1111 354 1105 354 1105 356 1111 356 1112 356 1105 348 1112 348 1106 348 1106 348 1112 348 1113 348 1106 348 1113 348 1107 348 1107 348 1113 348 1114 348 1107 348 1114 348 1108 348 1108 348 1114 348 1115 348 1108 348 1115 348 1109 348 1109 348 1115 348 1116 348 1109 348 1116 348 1110 348 1110 348 1116 348 1117 348 1110 348 1117 348 1078 348 1078 348 1117 348 1080 348 1111 357 521 357 1112 357 1112 358 521 358 1118 358 1112 358 1118 358 1113 358 1113 358 1118 358 1119 358 1113 358 1119 358 1114 358 1114 358 1119 358 1120 358 1114 358 1120 358 1115 358 1115 358 1120 358 1121 358 1115 358 1121 358 1116 358 1116 358 1121 358 1122 358 1116 358 1122 358 1117 358 1117 358 1122 358 1123 358 1117 358 1123 358 1080 358 1080 358 1123 358 1082 358 1124 143 1125 143 1126 143 1126 359 1125 359 1127 359 1126 360 1127 360 1128 360 1128 360 1127 360 1129 360 1128 360 1129 360 1130 360 1130 360 1129 360 1131 360 1130 360 1131 360 1132 360 1132 360 1131 360 1133 360 1132 360 1133 360 1134 360 1134 360 1133 360 1135 360 1134 360 1135 360 1136 360 1136 360 1135 360 1137 360 1136 360 1137 360 1138 360 1138 360 1137 360 1139 360 1138 360 1139 360 1140 360 1140 361 1139 361 1141 361 1140 360 1142 360 1138 360 1138 360 1142 360 1143 360 1138 360 1143 360 1136 360 1136 360 1143 360 1144 360 1136 360 1144 360 1134 360 1134 360 1144 360 1145 360 1134 360 1145 360 1132 360 1132 360 1145 360 1146 360 1132 360 1146 360 1130 360 1130 360 1146 360 1147 360 1130 360 1147 360 1128 360 1128 360 1147 360 1148 360 1128 360 1148 360 1126 360 1126 360 1148 360 1149 360 1126 362 1149 362 1124 362 1124 363 1149 363 1150 363 1150 364 1149 364 1151 364 1150 359 1151 359 1152 359 1152 359 1151 359 1153 359 1152 359 1153 359 1154 359 1154 359 1153 359 1155 359 1154 359 1155 359 1156 359 1156 359 1155 359 1157 359 1156 359 1157 359 1158 359 1158 365 1157 365 1159 365 1158 365 1159 365 1160 365 1142 366 1161 366 1143 366 1143 366 1161 366 1162 366 1143 366 1162 366 1144 366 1144 366 1162 366 1163 366 1144 366 1163 366 1145 366 1145 366 1163 366 1164 366 1145 366 1164 366 1146 366 1146 366 1164 366 1165 366 1146 366 1165 366 1147 366 1147 366 1165 366 1166 366 1147 366 1166 366 1148 366 1148 366 1166 366 1167 366 1148 366 1167 366 1149 366 1149 366 1167 366 1151 366 1161 360 1168 360 1162 360 1162 360 1168 360 1169 360 1162 360 1169 360 1163 360 1163 360 1169 360 1170 360 1163 360 1170 360 1164 360 1164 360 1170 360 1171 360 1164 360 1171 360 1165 360 1165 360 1171 360 1172 360 1165 360 1172 360 1166 360 1166 360 1172 360 1173 360 1166 360 1173 360 1167 360 1167 360 1173 360 1174 360 1167 360 1174 360 1151 360 1151 360 1174 360 1153 360 1168 360 1175 360 1169 360 1169 360 1175 360 1176 360 1169 360 1176 360 1170 360 1170 360 1176 360 1177 360 1170 360 1177 360 1171 360 1171 360 1177 360 1178 360 1171 360 1178 360 1172 360 1172 360 1178 360 1179 360 1172 360 1179 360 1173 360 1173 360 1179 360 1180 360 1173 360 1180 360 1174 360 1174 360 1180 360 1181 360 1174 360 1181 360 1153 360 1153 360 1181 360 1155 360 1175 366 1182 366 1176 366 1176 367 1182 367 1183 367 1176 360 1183 360 1177 360 1177 360 1183 360 1184 360 1177 360 1184 360 1178 360 1178 360 1184 360 1185 360 1178 360 1185 360 1179 360 1179 360 1185 360 1186 360 1179 360 1186 360 1180 360 1180 360 1186 360 1187 360 1180 360 1187 360 1181 360 1181 360 1187 360 1188 360 1181 360 1188 360 1155 360 1155 360 1188 360 1157 360 1182 368 1189 368 1183 368 1183 368 1189 368 1190 368 1183 369 1190 369 1184 369 1184 369 1190 369 1191 369 1184 369 1191 369 1185 369 1185 369 1191 369 1192 369 1185 369 1192 369 1186 369 1186 369 1192 369 1193 369 1186 369 1193 369 1187 369 1187 369 1193 369 1194 369 1187 369 1194 369 1188 369 1188 369 1194 369 1195 369 1188 369 1195 369 1157 369 1157 369 1195 369 1159 369 1160 20 521 20 1158 20 1158 20 521 20 1111 20 1158 20 1111 20 1156 20 1156 20 1111 20 1104 20 1156 20 1104 20 1154 20 1154 20 1104 20 1097 20 1154 20 1097 20 1152 20 1152 20 1097 20 1090 20 1152 20 1090 20 1150 20 1150 20 1090 20 1083 20 1150 20 1083 20 1124 20 1124 20 1083 20 1055 20 1124 20 1055 20 1125 20 1125 20 1055 20 1054 20 1141 21 1070 21 1140 21 1140 21 1070 21 1071 21 1140 21 1071 21 1142 21 1142 21 1071 21 1073 21 1142 21 1073 21 1161 21 1161 21 1073 21 1075 21 1161 21 1075 21 1168 21 1168 21 1075 21 1077 21 1168 21 1077 21 1175 21 1175 21 1077 21 1079 21 1175 21 1079 21 1182 21 1182 21 1079 21 1081 21 1182 21 1081 21 1189 21 1189 21 1081 21 484 21 1189 4 484 4 1190 4 1190 4 484 4 1082 4 1190 4 1082 4 1191 4 1191 4 1082 4 1123 4 1191 4 1123 4 1192 4 1192 4 1123 4 1122 4 1192 4 1122 4 1193 4 1193 4 1122 4 1121 4 1193 4 1121 4 1194 4 1194 4 1121 4 1120 4 1194 4 1120 4 1195 4 1195 4 1120 4 1119 4 1195 4 1119 4 1159 4 1159 4 1119 4 1118 4 1159 4 1118 4 1160 4 1160 4 1118 4 521 4 1125 15 1054 15 1127 15 1127 15 1054 15 1056 15 1127 15 1056 15 1129 15 1129 15 1056 15 1058 15 1129 15 1058 15 1131 15 1131 15 1058 15 1060 15 1131 15 1060 15 1133 15 1133 370 1060 370 1062 370 1133 317 1062 317 1135 317 1135 317 1062 317 1064 317 1135 317 1064 317 1137 317 1137 317 1064 317 1066 317 1137 317 1066 317 1139 317 1139 317 1066 317 1068 317 1139 371 1068 371 1141 371 1141 317 1068 317 1070 317 1196 20 1197 20 1198 20 1198 20 1197 20 1199 20 1198 20 1199 20 1200 20 1198 20 1200 20 1201 20 1201 20 1200 20 1202 20 1201 20 1202 20 1203 20 1203 20 1202 20 1204 20 1203 20 1204 20 1205 20 1205 20 1204 20 1206 20 1205 20 1206 20 1207 20 1207 20 1206 20 1208 20 1207 20 1208 20 1209 20 1209 20 1208 20 1210 20 1209 20 1210 20 1211 20 1211 20 1210 20 1212 20 1212 20 1210 20 1213 20 1212 20 1213 20 1214 20 1214 20 1213 20 1215 20 1214 20 1215 20 1216 20 1208 20 1217 20 1210 20 1210 20 1217 20 1213 20 1217 20 1215 20 1213 20 1214 20 1218 20 1212 20 1211 20 1219 20 1209 20 1209 20 1219 20 1220 20 1209 20 1220 20 1221 20 1221 20 1220 20 1222 20 1221 20 1222 20 1223 20 1223 20 1222 20 1224 20 1223 20 1224 20 1225 20 1225 20 1224 20 1226 20 1225 20 1226 20 1227 20 1227 20 1226 20 1228 20 1227 20 1228 20 1229 20 1230 20 1231 20 1219 20 1219 20 1231 20 1220 20 1220 20 1231 20 1232 20 1232 20 1231 20 1233 20 1232 20 1233 20 1234 20 1234 20 1233 20 1235 20 1234 20 1235 20 1236 20 1236 20 1235 20 1237 20 1236 20 1237 20 1238 20 1238 20 1239 20 1236 20 1236 20 1239 20 1240 20 1236 20 1240 20 1234 20 1234 20 1240 20 1241 20 1234 20 1241 20 1232 20 1232 20 1241 20 1222 20 1232 20 1222 20 1220 20 1239 20 1242 20 1240 20 1240 20 1242 20 1243 20 1240 20 1243 20 1241 20 1241 20 1243 20 1224 20 1241 20 1224 20 1222 20 1242 20 1244 20 1243 20 1243 20 1244 20 1226 20 1243 20 1226 20 1224 20 1244 20 1228 20 1226 20 1227 20 1229 20 1245 20 1245 20 1229 20 1246 20 1245 20 1246 20 1247 20 1247 20 1246 20 1248 20 1247 20 1249 20 1245 20 1245 20 1249 20 1250 20 1245 20 1250 20 1251 20 1251 20 1250 20 1252 20 1251 20 1252 20 1253 20 1253 20 1252 20 1254 20 1253 20 1254 20 1255 20 1255 20 1254 20 1205 20 1255 20 1205 20 1207 20 1249 20 1256 20 1250 20 1250 20 1256 20 1257 20 1250 20 1257 20 1252 20 1252 20 1257 20 1258 20 1252 20 1258 20 1254 20 1254 20 1258 20 1203 20 1254 20 1203 20 1205 20 1256 20 1259 20 1257 20 1257 20 1259 20 1260 20 1257 20 1260 20 1258 20 1258 20 1260 20 1201 20 1258 20 1201 20 1203 20 1259 20 1196 20 1260 20 1260 20 1196 20 1198 20 1260 20 1198 20 1201 20 1255 20 1207 20 1221 20 1221 20 1207 20 1209 20 1253 20 1255 20 1223 20 1223 20 1255 20 1221 20 1251 20 1253 20 1225 20 1225 20 1253 20 1223 20 1245 20 1251 20 1227 20 1227 20 1251 20 1225 20 1261 21 327 21 1262 21 1262 21 327 21 1263 21 1262 21 1263 21 1264 21 1264 21 1263 21 1265 21 1264 21 1265 21 1266 21 1266 21 1265 21 1267 21 1266 21 1267 21 1268 21 1268 21 1267 21 1269 21 1268 21 1269 21 1270 21 1270 21 1269 21 1271 21 1270 21 1271 21 1272 21 1272 21 1271 21 222 21 1272 21 1273 21 1270 21 1270 21 1273 21 1274 21 1270 21 1274 21 1268 21 1268 21 1274 21 1275 21 1268 21 1275 21 1266 21 1266 21 1275 21 1276 21 1266 21 1276 21 1264 21 1264 21 1276 21 1277 21 1264 21 1277 21 1262 21 1262 21 1277 21 1278 21 1262 21 1278 21 1279 21 1279 21 1278 21 1280 21 1280 21 1278 21 1281 21 1280 21 1281 21 1282 21 1282 21 1281 21 1283 21 1282 21 1283 21 1284 21 1284 21 1283 21 1285 21 1284 21 1285 21 528 21 528 21 1285 21 1286 21 528 21 1286 21 1287 21 1287 21 1286 21 1288 21 1287 21 1288 21 1289 21 1273 21 1290 21 1274 21 1274 21 1290 21 1291 21 1274 21 1291 21 1275 21 1275 21 1291 21 1292 21 1275 21 1292 21 1276 21 1276 21 1292 21 1293 21 1276 21 1293 21 1277 21 1277 21 1293 21 1294 21 1277 21 1294 21 1278 21 1278 21 1294 21 1281 21 1290 21 1295 21 1291 21 1291 21 1295 21 1296 21 1291 21 1296 21 1292 21 1292 21 1296 21 1297 21 1292 21 1297 21 1293 21 1293 21 1297 21 1298 21 1293 21 1298 21 1294 21 1294 21 1298 21 1299 21 1294 21 1299 21 1281 21 1281 21 1299 21 1283 21 1295 21 1300 21 1296 21 1296 21 1300 21 1301 21 1296 21 1301 21 1297 21 1297 21 1301 21 1302 21 1297 21 1302 21 1298 21 1298 21 1302 21 1303 21 1298 21 1303 21 1299 21 1299 21 1303 21 1304 21 1299 21 1304 21 1283 21 1283 21 1304 21 1285 21 1300 21 1305 21 1301 21 1301 21 1305 21 1306 21 1301 21 1306 21 1302 21 1302 21 1306 21 1307 21 1302 21 1307 21 1303 21 1303 21 1307 21 1308 21 1303 21 1308 21 1304 21 1304 21 1308 21 1309 21 1304 21 1309 21 1285 21 1285 21 1309 21 1286 21 1305 21 193 21 1306 21 1306 21 193 21 1310 21 1306 21 1310 21 1311 21 1306 21 1311 21 1307 21 1307 21 1311 21 1312 21 1307 21 1312 21 1308 21 1308 21 1312 21 71 21 1308 21 71 21 1309 21 1309 21 71 21 1313 21 1309 21 1313 21 1286 21 1286 21 1313 21 1288 21 71 21 801 21 1313 21 1054 21 1314 21 1289 21 1289 21 1314 21 1315 21 1289 21 1315 21 1287 21 1287 21 1315 21 1316 21 1287 21 1316 21 528 21 562 21 1317 21 1314 21 1314 21 1317 21 1315 21 1317 21 1316 21 1315 21 1279 21 1261 21 1262 21 528 372 1208 372 1284 372 1284 373 1208 373 1206 373 1284 374 1206 374 1204 374 1284 189 1204 189 1282 189 1282 375 1204 375 1202 375 1282 376 1202 376 1280 376 1280 377 1202 377 1200 377 1280 378 1200 378 1279 378 1279 379 1200 379 1199 379 1279 380 1199 380 1261 380 1261 381 1199 381 327 381 327 372 1199 372 1197 372 562 382 1216 382 1317 382 1317 382 1216 382 1215 382 1317 383 1215 383 1316 383 1316 383 1215 383 1217 383 1316 347 1217 347 528 347 528 347 1217 347 1208 347 1054 384 1218 384 1314 384 1314 384 1218 384 1214 384 1314 384 1214 384 562 384 562 384 1214 384 1216 384 801 385 1230 385 1313 385 1313 385 1230 385 1219 385 1313 386 1219 386 1288 386 1288 387 1219 387 1211 387 1288 387 1211 387 1289 387 1289 387 1211 387 1212 387 1289 388 1212 388 1054 388 1054 385 1212 385 1218 385 222 389 1248 389 1272 389 1272 390 1248 390 1246 390 1272 391 1246 391 1273 391 1273 392 1246 392 1229 392 1273 392 1229 392 1290 392 1290 393 1229 393 1228 393 1290 394 1228 394 1295 394 1295 395 1228 395 1244 395 1295 392 1244 392 1300 392 1300 396 1244 396 1242 396 1300 396 1242 396 1305 396 1305 391 1242 391 1239 391 1305 397 1239 397 193 397 193 398 1239 398 1238 398 327 399 1197 399 1263 399 1263 400 1197 400 1196 400 1263 401 1196 401 1259 401 1263 402 1259 402 1265 402 1265 403 1259 403 1256 403 1265 404 1256 404 1267 404 1267 405 1256 405 1249 405 1267 406 1249 406 1269 406 1269 407 1249 407 1247 407 1269 408 1247 408 1271 408 1271 408 1247 408 222 408 222 408 1247 408 1248 408 1230 409 801 409 1231 409 1231 409 801 409 71 409 193 410 1238 410 1310 410 1310 410 1238 410 1237 410 1310 410 1237 410 1311 410 1311 410 1237 410 1235 410 1311 410 1235 410 1312 410 1312 411 1235 411 1233 411 1312 411 1233 411 71 411 71 410 1233 410 1231 410 736 412 1318 412 738 412 738 413 1318 413 1319 413 738 412 1319 412 740 412 740 414 1319 414 1320 414 740 415 1320 415 742 415 742 413 1320 413 1321 413 742 412 1321 412 744 412 744 412 1321 412 1322 412 744 412 1322 412 746 412 746 416 1322 416 1323 416 746 15 1323 15 800 15 1318 15 1324 15 1319 15 1319 15 1324 15 1325 15 1319 15 1325 15 1320 15 1320 15 1325 15 1326 15 1320 15 1326 15 1321 15 1321 15 1326 15 1327 15 1321 15 1327 15 1322 15 1322 15 1327 15 1328 15 1322 417 1328 417 1323 417 1323 412 1328 412 1329 412 1329 412 1328 412 1330 412 1329 417 1330 417 1331 417 1331 417 1330 417 1332 417 1331 412 1332 412 1333 412 1333 15 1332 15 1334 15 1333 15 1334 15 1335 15 1335 418 1334 418 1336 418 1335 417 1336 417 1337 417 1337 419 1336 419 1338 419 1337 419 1338 419 1339 419 1339 417 1338 417 1340 417 1339 418 1340 418 1341 418 1341 15 1340 15 1342 15 1341 15 1342 15 1141 15 1324 412 1343 412 1325 412 1325 412 1343 412 1344 412 1325 412 1344 412 1326 412 1326 412 1344 412 1345 412 1326 412 1345 412 1327 412 1327 412 1345 412 1346 412 1327 412 1346 412 1328 412 1328 412 1346 412 1330 412 1343 15 1347 15 1344 15 1344 15 1347 15 1348 15 1344 15 1348 15 1345 15 1345 15 1348 15 1349 15 1345 15 1349 15 1346 15 1346 15 1349 15 1350 15 1346 15 1350 15 1330 15 1330 15 1350 15 1332 15 1347 15 1351 15 1348 15 1348 15 1351 15 1352 15 1348 15 1352 15 1349 15 1349 15 1352 15 1353 15 1349 15 1353 15 1350 15 1350 15 1353 15 1354 15 1350 15 1354 15 1332 15 1332 15 1354 15 1334 15 1351 420 1355 420 1352 420 1352 412 1355 412 1356 412 1352 412 1356 412 1353 412 1353 412 1356 412 1357 412 1353 412 1357 412 1354 412 1354 412 1357 412 1358 412 1354 412 1358 412 1334 412 1334 412 1358 412 1336 412 1355 412 1359 412 1356 412 1356 420 1359 420 1360 420 1356 412 1360 412 1357 412 1357 412 1360 412 1361 412 1357 412 1361 412 1358 412 1358 412 1361 412 1362 412 1358 412 1362 412 1336 412 1336 412 1362 412 1338 412 1359 15 1363 15 1360 15 1360 15 1363 15 1364 15 1360 15 1364 15 1361 15 1361 15 1364 15 1365 15 1361 15 1365 15 1362 15 1362 15 1365 15 1366 15 1362 15 1366 15 1338 15 1338 15 1366 15 1340 15 1125 15 1367 15 1363 15 1363 15 1367 15 1364 15 1367 15 1368 15 1364 15 1364 15 1368 15 1365 15 1368 15 1133 15 1365 15 1365 15 1133 15 1366 15 1133 15 1369 15 1366 15 1366 15 1369 15 1340 15 1369 15 1342 15 1340 15 1370 4 1371 4 1372 4 1372 421 1371 421 1373 421 1372 422 1373 422 1374 422 1374 4 1373 4 1375 4 1374 423 1375 423 1376 423 1376 423 1375 423 1377 423 1376 4 1377 4 1378 4 1378 4 1377 4 1379 4 1378 4 1379 4 1380 4 1380 4 1379 4 1381 4 1380 424 1381 424 1382 424 1371 425 1383 425 1373 425 1373 423 1383 423 1384 423 1373 4 1384 4 1375 4 1375 4 1384 4 1385 4 1375 423 1385 423 1377 423 1377 423 1385 423 1386 423 1377 4 1386 4 1379 4 1379 4 1386 4 1387 4 1379 4 1387 4 1381 4 1383 423 1388 423 1384 423 1384 423 1388 423 1389 423 1384 4 1389 4 1385 4 1385 4 1389 4 1390 4 1385 423 1390 423 1386 423 1386 423 1390 423 1391 423 1386 4 1391 4 1387 4 1388 423 1392 423 1389 423 1389 423 1392 423 1393 423 1389 4 1393 4 1390 4 1390 4 1393 4 1394 4 1390 423 1394 423 1391 423 1392 426 1395 426 1393 426 1393 423 1395 423 1396 423 1393 4 1396 4 1394 4 1395 427 1397 427 1396 427 1380 428 1382 428 1398 428 1398 428 1382 428 1399 428 1398 428 1399 428 1400 428 1400 4 1399 4 1401 4 1400 4 1401 4 1402 4 1402 4 1401 4 1403 4 1402 4 1403 4 1404 4 1401 4 1405 4 1403 4 1402 4 1404 4 1406 4 1406 4 1404 4 1407 4 1406 4 1407 4 1408 4 1408 4 1407 4 1409 4 1408 4 1409 4 1410 4 1410 4 1409 4 1411 4 1410 4 1411 4 1412 4 1412 4 1411 4 1413 4 1412 423 1414 423 1410 423 1410 422 1414 422 1415 422 1410 4 1415 4 1408 4 1408 4 1415 4 1416 4 1408 4 1416 4 1406 4 1406 4 1416 4 1417 4 1406 4 1417 4 1402 4 1402 4 1417 4 1400 4 1414 429 1418 429 1415 429 1415 429 1418 429 1419 429 1415 423 1419 423 1416 423 1416 423 1419 423 1420 423 1416 423 1420 423 1417 423 1417 423 1420 423 1421 423 1417 423 1421 423 1400 423 1400 423 1421 423 1398 423 1418 422 1422 422 1419 422 1419 423 1422 423 1423 423 1419 423 1423 423 1420 423 1420 423 1423 423 1424 423 1420 423 1424 423 1421 423 1421 423 1424 423 1425 423 1421 423 1425 423 1398 423 1398 423 1425 423 1380 423 1422 4 1426 4 1423 4 1423 4 1426 4 1427 4 1423 4 1427 4 1424 4 1424 4 1427 4 1428 4 1424 4 1428 4 1425 4 1425 4 1428 4 1378 4 1425 4 1378 4 1380 4 1426 430 1429 430 1427 430 1427 422 1429 422 1430 422 1427 4 1430 4 1428 4 1428 4 1430 4 1376 4 1428 4 1376 4 1378 4 1429 422 1431 422 1430 422 1430 423 1431 423 1374 423 1430 423 1374 423 1376 423 1431 423 1372 423 1374 423 1413 20 1125 20 1412 20 1412 20 1125 20 1363 20 1412 20 1363 20 1414 20 1414 20 1363 20 1359 20 1414 20 1359 20 1418 20 1418 20 1359 20 1355 20 1418 20 1355 20 1422 20 1422 20 1355 20 1351 20 1422 20 1351 20 1426 20 1426 20 1351 20 1347 20 1426 20 1347 20 1429 20 1429 20 1347 20 1343 20 1429 20 1343 20 1431 20 1431 20 1343 20 1324 20 1431 20 1324 20 1372 20 1372 20 1324 20 1318 20 1372 20 1318 20 1370 20 1370 20 1318 20 736 20 1397 21 800 21 1396 21 1396 21 800 21 1323 21 1396 21 1323 21 1394 21 1394 21 1323 21 1329 21 1394 21 1329 21 1391 21 1391 21 1329 21 1331 21 1391 21 1331 21 1387 21 1387 21 1331 21 1333 21 1387 21 1333 21 1381 21 1381 21 1333 21 1335 21 1381 21 1335 21 1382 21 1382 21 1335 21 1337 21 1382 21 1337 21 1399 21 1399 21 1337 21 1339 21 1399 21 1339 21 1401 21 1401 21 1339 21 1341 21 1401 21 1341 21 1405 21 1405 21 1341 21 1141 21 1370 431 736 431 1371 431 1371 431 736 431 738 431 1371 431 738 431 740 431 1371 432 740 432 1383 432 1383 432 740 432 742 432 1383 431 742 431 1388 431 1388 431 742 431 744 431 1388 431 744 431 1392 431 1392 431 744 431 746 431 1392 433 746 433 1395 433 1395 434 746 434 1397 434 1397 431 746 431 800 431 1405 435 1141 435 1403 435 1403 435 1141 435 1342 435 1403 222 1342 222 1369 222 1403 222 1369 222 1404 222 1404 222 1369 222 1133 222 1404 222 1133 222 1407 222 1407 222 1133 222 1368 222 1407 436 1368 436 1409 436 1409 437 1368 437 1367 437 1409 437 1367 437 1411 437 1411 437 1367 437 1413 437 1413 438 1367 438 1125 438 1432 439 1433 439 1434 439 1434 440 1433 440 1435 440 1434 439 1435 439 1436 439 1436 439 1435 439 1437 439 1436 439 1437 439 1438 439 1438 439 1437 439 1439 439 1438 439 1439 439 1440 439 1440 439 1439 439 1441 439 1440 439 1441 439 1442 439 1442 439 1441 439 1443 439 1442 439 1443 439 1444 439 1444 439 1443 439 1445 439 1444 439 1445 439 1446 439 1446 441 1445 441 1447 441 1447 441 1445 441 1448 441 1447 442 1448 442 1449 442 1449 442 1448 442 1450 442 1449 439 1450 439 1451 439 1451 439 1450 439 1452 439 1451 442 1452 442 1453 442 1453 443 1452 443 1454 443 1453 443 1454 443 1455 443 1455 442 1454 442 1456 442 1455 442 1456 442 1457 442 1457 442 1456 442 1458 442 1457 444 1458 444 1459 444 1459 445 1458 445 1460 445 1459 446 1460 446 1461 446 1433 447 1462 447 1435 447 1435 448 1462 448 1463 448 1435 439 1463 439 1437 439 1437 439 1463 439 1464 439 1437 439 1464 439 1439 439 1439 439 1464 439 1465 439 1439 439 1465 439 1441 439 1441 439 1465 439 1466 439 1441 439 1466 439 1443 439 1443 439 1466 439 1467 439 1443 439 1467 439 1445 439 1445 439 1467 439 1448 439 1462 448 1468 448 1463 448 1463 449 1468 449 1469 449 1463 446 1469 446 1464 446 1464 446 1469 446 1470 446 1464 446 1470 446 1465 446 1465 446 1470 446 1471 446 1465 446 1471 446 1466 446 1466 446 1471 446 1472 446 1466 446 1472 446 1467 446 1467 446 1472 446 1473 446 1467 446 1473 446 1448 446 1448 446 1473 446 1450 446 1468 450 1474 450 1469 450 1469 439 1474 439 1475 439 1469 439 1475 439 1470 439 1470 439 1475 439 1476 439 1470 439 1476 439 1471 439 1471 439 1476 439 1477 439 1471 439 1477 439 1472 439 1472 439 1477 439 1478 439 1472 439 1478 439 1473 439 1473 439 1478 439 1479 439 1473 439 1479 439 1450 439 1450 439 1479 439 1452 439 1474 446 1480 446 1475 446 1475 448 1480 448 1481 448 1475 439 1481 439 1476 439 1476 439 1481 439 1482 439 1476 439 1482 439 1477 439 1477 439 1482 439 1483 439 1477 439 1483 439 1478 439 1478 439 1483 439 1484 439 1478 439 1484 439 1479 439 1479 439 1484 439 1485 439 1479 439 1485 439 1452 439 1452 439 1485 439 1454 439 1480 451 1486 451 1481 451 1481 451 1486 451 1487 451 1481 446 1487 446 1482 446 1482 446 1487 446 1488 446 1482 446 1488 446 1483 446 1483 446 1488 446 1489 446 1483 446 1489 446 1484 446 1484 446 1489 446 1490 446 1484 446 1490 446 1485 446 1485 446 1490 446 1491 446 1485 446 1491 446 1454 446 1454 446 1491 446 1456 446 1486 448 1492 448 1487 448 1487 452 1492 452 1493 452 1487 446 1493 446 1488 446 1488 446 1493 446 1494 446 1488 446 1494 446 1489 446 1489 446 1494 446 1495 446 1489 446 1495 446 1490 446 1490 446 1495 446 1496 446 1490 446 1496 446 1491 446 1491 446 1496 446 1497 446 1491 446 1497 446 1456 446 1456 446 1497 446 1458 446 1492 452 1498 452 1493 452 1493 446 1498 446 1499 446 1493 446 1499 446 1494 446 1494 446 1499 446 1500 446 1494 446 1500 446 1495 446 1495 446 1500 446 1501 446 1495 446 1501 446 1496 446 1496 446 1501 446 1502 446 1496 446 1502 446 1497 446 1497 446 1502 446 1503 446 1497 446 1503 446 1458 446 1458 446 1503 446 1460 446 1504 453 1505 453 1506 453 1506 454 1505 454 1507 454 1506 454 1507 454 1508 454 1508 454 1507 454 1509 454 1508 454 1509 454 1510 454 1510 454 1509 454 1511 454 1510 454 1511 454 1512 454 1512 454 1511 454 1513 454 1512 454 1513 454 1514 454 1514 454 1513 454 1515 454 1514 454 1515 454 1516 454 1516 454 1515 454 1517 454 1516 455 1517 455 1518 455 1518 456 1517 456 1519 456 1518 457 1520 457 1516 457 1516 457 1520 457 1521 457 1516 456 1521 456 1514 456 1514 456 1521 456 1522 456 1514 456 1522 456 1512 456 1512 456 1522 456 1523 456 1512 456 1523 456 1510 456 1510 456 1523 456 1524 456 1510 456 1524 456 1508 456 1508 456 1524 456 1525 456 1508 456 1525 456 1506 456 1506 456 1525 456 1526 456 1506 458 1526 458 1504 458 1504 459 1526 459 1527 459 1527 460 1526 460 1528 460 1527 453 1528 453 1529 453 1529 458 1528 458 1530 458 1529 456 1530 456 1531 456 1531 456 1530 456 1532 456 1531 456 1532 456 1533 456 1533 454 1532 454 1534 454 1533 461 1534 461 1535 461 1535 455 1534 455 1536 455 1535 462 1536 462 1537 462 1537 462 1536 462 1538 462 1537 456 1538 456 1539 456 1520 461 1540 461 1521 461 1521 463 1540 463 1541 463 1521 454 1541 454 1522 454 1522 454 1541 454 1542 454 1522 454 1542 454 1523 454 1523 454 1542 454 1543 454 1523 454 1543 454 1524 454 1524 454 1543 454 1544 454 1524 454 1544 454 1525 454 1525 454 1544 454 1545 454 1525 454 1545 454 1526 454 1526 454 1545 454 1528 454 1540 464 1546 464 1541 464 1541 456 1546 456 1547 456 1541 456 1547 456 1542 456 1542 456 1547 456 1548 456 1542 456 1548 456 1543 456 1543 456 1548 456 1549 456 1543 456 1549 456 1544 456 1544 456 1549 456 1550 456 1544 456 1550 456 1545 456 1545 456 1550 456 1551 456 1545 456 1551 456 1528 456 1528 456 1551 456 1530 456 1546 456 1552 456 1547 456 1547 465 1552 465 1553 465 1547 456 1553 456 1548 456 1548 456 1553 456 1554 456 1548 456 1554 456 1549 456 1549 456 1554 456 1555 456 1549 456 1555 456 1550 456 1550 456 1555 456 1556 456 1550 456 1556 456 1551 456 1551 456 1556 456 1557 456 1551 456 1557 456 1530 456 1530 456 1557 456 1532 456 1552 466 1558 466 1553 466 1553 454 1558 454 1559 454 1553 454 1559 454 1554 454 1554 454 1559 454 1560 454 1554 454 1560 454 1555 454 1555 454 1560 454 1561 454 1555 454 1561 454 1556 454 1556 454 1561 454 1562 454 1556 454 1562 454 1557 454 1557 454 1562 454 1563 454 1557 454 1563 454 1532 454 1532 454 1563 454 1534 454 1558 456 1564 456 1559 456 1559 455 1564 455 1565 455 1559 454 1565 454 1560 454 1560 454 1565 454 1566 454 1560 454 1566 454 1561 454 1561 454 1566 454 1567 454 1561 454 1567 454 1562 454 1562 454 1567 454 1568 454 1562 454 1568 454 1563 454 1563 454 1568 454 1569 454 1563 454 1569 454 1534 454 1534 454 1569 454 1536 454 1564 455 1570 455 1565 455 1565 456 1570 456 1571 456 1565 456 1571 456 1566 456 1566 456 1571 456 1572 456 1566 456 1572 456 1567 456 1567 456 1572 456 1573 456 1567 456 1573 456 1568 456 1568 456 1573 456 1574 456 1568 456 1574 456 1569 456 1569 456 1574 456 1575 456 1569 456 1575 456 1536 456 1536 456 1575 456 1538 456 1576 20 1498 20 1577 20 1577 20 1498 20 1492 20 1577 20 1492 20 1578 20 1578 20 1492 20 1486 20 1578 20 1486 20 1579 20 1579 20 1486 20 1480 20 1579 20 1480 20 1580 20 1580 20 1480 20 1474 20 1580 20 1474 20 1581 20 1581 20 1474 20 1468 20 1581 20 1468 20 1582 20 1582 20 1468 20 1462 20 1582 20 1462 20 1583 20 1583 20 1462 20 1433 20 1583 20 1433 20 1584 20 1584 20 1433 20 1432 20 1584 20 1505 20 1583 20 1583 20 1505 20 1504 20 1583 20 1504 20 1582 20 1582 20 1504 20 1527 20 1582 20 1527 20 1581 20 1581 20 1527 20 1529 20 1581 20 1529 20 1580 20 1580 20 1529 20 1531 20 1580 20 1531 20 1579 20 1579 20 1531 20 1533 20 1579 20 1533 20 1578 20 1578 20 1533 20 1535 20 1578 20 1535 20 1577 20 1577 20 1535 20 1537 20 1577 20 1537 20 1576 20 1576 20 1537 20 1539 20 1585 210 1461 210 1586 210 1586 210 1461 210 1460 210 1586 210 1460 210 1587 210 1587 210 1460 210 1503 210 1587 210 1503 210 1588 210 1588 210 1503 210 1502 210 1588 210 1502 210 1589 210 1589 210 1502 210 1501 210 1589 210 1501 210 1590 210 1590 210 1501 210 1500 210 1590 210 1500 210 1591 210 1591 210 1500 210 1499 210 1591 210 1499 210 1576 210 1576 210 1499 210 1498 210 1576 467 1539 467 1591 467 1591 467 1539 467 1538 467 1591 467 1538 467 1590 467 1590 467 1538 467 1575 467 1590 467 1575 467 1589 467 1589 467 1575 467 1574 467 1589 467 1574 467 1588 467 1588 467 1574 467 1573 467 1588 467 1573 467 1587 467 1587 467 1573 467 1572 467 1587 467 1572 467 1586 467 1586 467 1572 467 1571 467 1586 467 1571 467 1585 467 1585 467 1571 467 1570 467 1592 21 1446 21 1593 21 1593 21 1446 21 1447 21 1593 21 1447 21 1594 21 1594 21 1447 21 1449 21 1594 21 1449 21 1595 21 1595 21 1449 21 1451 21 1595 21 1451 21 1596 21 1596 21 1451 21 1453 21 1596 21 1453 21 1597 21 1597 21 1453 21 1455 21 1597 21 1455 21 1598 21 1598 21 1455 21 1457 21 1598 21 1457 21 1599 21 1599 21 1457 21 1459 21 1599 21 1459 21 1585 21 1585 21 1459 21 1461 21 1585 21 1570 21 1599 21 1599 21 1570 21 1564 21 1599 21 1564 21 1598 21 1598 21 1564 21 1558 21 1598 21 1558 21 1597 21 1597 21 1558 21 1552 21 1597 21 1552 21 1596 21 1596 21 1552 21 1546 21 1596 21 1546 21 1595 21 1595 21 1546 21 1540 21 1595 21 1540 21 1594 21 1594 21 1540 21 1520 21 1594 21 1520 21 1593 21 1593 21 1520 21 1518 21 1593 21 1518 21 1592 21 1592 21 1518 21 1519 21 1584 468 1432 468 1600 468 1600 468 1432 468 1434 468 1600 468 1434 468 1601 468 1601 468 1434 468 1436 468 1601 468 1436 468 1602 468 1602 468 1436 468 1438 468 1602 468 1438 468 1603 468 1603 468 1438 468 1440 468 1603 468 1440 468 1604 468 1604 468 1440 468 1442 468 1604 468 1442 468 1605 468 1605 468 1442 468 1444 468 1605 468 1444 468 1592 468 1592 468 1444 468 1446 468 1592 468 1519 468 1605 468 1605 468 1519 468 1517 468 1605 468 1517 468 1604 468 1604 468 1517 468 1515 468 1604 468 1515 468 1603 468 1603 468 1515 468 1513 468 1603 468 1513 468 1602 468 1602 468 1513 468 1511 468 1602 468 1511 468 1601 468 1601 468 1511 468 1509 468 1601 468 1509 468 1600 468 1600 468 1509 468 1507 468 1600 468 1507 468 1584 468 1584 468 1507 468 1505 468 1606 446 1607 446 1608 446 1608 446 1607 446 1609 446 1608 446 1609 446 1610 446 1610 446 1609 446 1611 446 1610 446 1611 446 1612 446 1612 446 1611 446 1613 446 1612 446 1613 446 1614 446 1614 446 1613 446 1615 446 1614 446 1615 446 1616 446 1616 446 1615 446 1617 446 1616 446 1617 446 1618 446 1618 446 1617 446 1619 446 1618 446 1619 446 1620 446 1620 446 1619 446 1621 446 1621 439 1619 439 1622 439 1621 439 1622 439 1623 439 1623 446 1622 446 1624 446 1623 446 1624 446 1625 446 1625 439 1624 439 1626 439 1625 439 1626 439 1627 439 1627 446 1626 446 1628 446 1627 446 1628 446 1629 446 1629 439 1628 439 1630 439 1629 439 1630 439 1631 439 1631 446 1630 446 1632 446 1631 448 1632 448 1633 448 1633 448 1632 448 1634 448 1633 469 1634 469 1635 469 1607 439 1636 439 1609 439 1609 439 1636 439 1637 439 1609 439 1637 439 1611 439 1611 439 1637 439 1638 439 1611 439 1638 439 1613 439 1613 439 1638 439 1639 439 1613 439 1639 439 1615 439 1615 439 1639 439 1640 439 1615 439 1640 439 1617 439 1617 439 1640 439 1641 439 1617 439 1641 439 1619 439 1619 439 1641 439 1622 439 1636 446 1642 446 1637 446 1637 469 1642 469 1643 469 1637 446 1643 446 1638 446 1638 446 1643 446 1644 446 1638 446 1644 446 1639 446 1639 446 1644 446 1645 446 1639 446 1645 446 1640 446 1640 446 1645 446 1646 446 1640 446 1646 446 1641 446 1641 446 1646 446 1647 446 1641 446 1647 446 1622 446 1622 446 1647 446 1624 446 1642 470 1648 470 1643 470 1643 470 1648 470 1649 470 1643 439 1649 439 1644 439 1644 439 1649 439 1650 439 1644 439 1650 439 1645 439 1645 439 1650 439 1651 439 1645 439 1651 439 1646 439 1646 439 1651 439 1652 439 1646 439 1652 439 1647 439 1647 439 1652 439 1653 439 1647 439 1653 439 1624 439 1624 439 1653 439 1626 439 1648 469 1654 469 1649 469 1649 469 1654 469 1655 469 1649 446 1655 446 1650 446 1650 446 1655 446 1656 446 1650 446 1656 446 1651 446 1651 446 1656 446 1657 446 1651 446 1657 446 1652 446 1652 446 1657 446 1658 446 1652 446 1658 446 1653 446 1653 446 1658 446 1659 446 1653 446 1659 446 1626 446 1626 446 1659 446 1628 446 1654 470 1660 470 1655 470 1655 470 1660 470 1661 470 1655 439 1661 439 1656 439 1656 439 1661 439 1662 439 1656 439 1662 439 1657 439 1657 439 1662 439 1663 439 1657 439 1663 439 1658 439 1658 439 1663 439 1664 439 1658 439 1664 439 1659 439 1659 439 1664 439 1665 439 1659 439 1665 439 1628 439 1628 439 1665 439 1630 439 1660 470 1666 470 1661 470 1661 442 1666 442 1667 442 1661 446 1667 446 1662 446 1662 446 1667 446 1668 446 1662 446 1668 446 1663 446 1663 446 1668 446 1669 446 1663 446 1669 446 1664 446 1664 446 1669 446 1670 446 1664 446 1670 446 1665 446 1665 446 1670 446 1671 446 1665 446 1671 446 1630 446 1630 446 1671 446 1632 446 1666 442 1672 442 1667 442 1667 439 1672 439 1673 439 1667 439 1673 439 1668 439 1668 439 1673 439 1674 439 1668 439 1674 439 1669 439 1669 439 1674 439 1675 439 1669 439 1675 439 1670 439 1670 439 1675 439 1676 439 1670 439 1676 439 1671 439 1671 439 1676 439 1677 439 1671 439 1677 439 1632 439 1632 439 1677 439 1634 439 1678 456 1679 456 1680 456 1680 456 1679 456 1681 456 1680 456 1681 456 1682 456 1682 456 1681 456 1683 456 1682 456 1683 456 1684 456 1684 456 1683 456 1685 456 1684 456 1685 456 1686 456 1686 456 1685 456 1687 456 1686 456 1687 456 1688 456 1688 456 1687 456 1689 456 1688 456 1689 456 1690 456 1690 456 1689 456 1691 456 1690 456 1691 456 1692 456 1692 456 1691 456 1693 456 1692 454 1694 454 1690 454 1690 454 1694 454 1695 454 1690 454 1695 454 1688 454 1688 454 1695 454 1696 454 1688 454 1696 454 1686 454 1686 454 1696 454 1697 454 1686 454 1697 454 1684 454 1684 454 1697 454 1698 454 1684 454 1698 454 1682 454 1682 454 1698 454 1699 454 1682 454 1699 454 1680 454 1680 454 1699 454 1700 454 1680 454 1700 454 1678 454 1678 454 1700 454 1701 454 1701 454 1700 454 1702 454 1701 471 1702 471 1703 471 1703 471 1702 471 1704 471 1703 471 1704 471 1705 471 1705 471 1704 471 1706 471 1705 471 1706 471 1707 471 1707 472 1706 472 1708 472 1707 473 1708 473 1709 473 1709 456 1708 456 1710 456 1709 456 1710 456 1711 456 1711 456 1710 456 1712 456 1711 474 1712 474 1713 474 1694 454 1714 454 1695 454 1695 454 1714 454 1715 454 1695 454 1715 454 1696 454 1696 454 1715 454 1716 454 1696 454 1716 454 1697 454 1697 454 1716 454 1717 454 1697 454 1717 454 1698 454 1698 454 1717 454 1718 454 1698 454 1718 454 1699 454 1699 454 1718 454 1719 454 1699 454 1719 454 1700 454 1700 454 1719 454 1702 454 1714 456 1720 456 1715 456 1715 456 1720 456 1721 456 1715 456 1721 456 1716 456 1716 456 1721 456 1722 456 1716 456 1722 456 1717 456 1717 456 1722 456 1723 456 1717 456 1723 456 1718 456 1718 456 1723 456 1724 456 1718 456 1724 456 1719 456 1719 456 1724 456 1725 456 1719 456 1725 456 1702 456 1702 456 1725 456 1704 456 1720 456 1726 456 1721 456 1721 456 1726 456 1727 456 1721 456 1727 456 1722 456 1722 456 1727 456 1728 456 1722 456 1728 456 1723 456 1723 456 1728 456 1729 456 1723 456 1729 456 1724 456 1724 456 1729 456 1730 456 1724 456 1730 456 1725 456 1725 456 1730 456 1731 456 1725 456 1731 456 1704 456 1704 456 1731 456 1706 456 1726 454 1732 454 1727 454 1727 454 1732 454 1733 454 1727 454 1733 454 1728 454 1728 454 1733 454 1734 454 1728 454 1734 454 1729 454 1729 454 1734 454 1735 454 1729 454 1735 454 1730 454 1730 454 1735 454 1736 454 1730 454 1736 454 1731 454 1731 454 1736 454 1737 454 1731 454 1737 454 1706 454 1706 454 1737 454 1708 454 1732 456 1738 456 1733 456 1733 456 1738 456 1739 456 1733 456 1739 456 1734 456 1734 456 1739 456 1740 456 1734 456 1740 456 1735 456 1735 456 1740 456 1741 456 1735 456 1741 456 1736 456 1736 456 1741 456 1742 456 1736 456 1742 456 1737 456 1737 456 1742 456 1743 456 1737 456 1743 456 1708 456 1708 456 1743 456 1710 456 1738 456 1744 456 1739 456 1739 475 1744 475 1745 475 1739 456 1745 456 1740 456 1740 456 1745 456 1746 456 1740 456 1746 456 1741 456 1741 456 1746 456 1747 456 1741 456 1747 456 1742 456 1742 456 1747 456 1748 456 1742 456 1748 456 1743 456 1743 456 1748 456 1749 456 1743 456 1749 456 1710 456 1710 456 1749 456 1712 456 1750 20 1672 20 1751 20 1751 20 1672 20 1666 20 1751 20 1666 20 1752 20 1752 20 1666 20 1660 20 1752 20 1660 20 1753 20 1753 20 1660 20 1654 20 1753 20 1654 20 1754 20 1754 20 1654 20 1648 20 1754 20 1648 20 1755 20 1755 20 1648 20 1642 20 1755 20 1642 20 1756 20 1756 20 1642 20 1636 20 1756 20 1636 20 1757 20 1757 20 1636 20 1607 20 1757 20 1607 20 1758 20 1758 20 1607 20 1606 20 1758 20 1679 20 1757 20 1757 20 1679 20 1678 20 1757 20 1678 20 1756 20 1756 20 1678 20 1701 20 1756 20 1701 20 1755 20 1755 20 1701 20 1703 20 1755 20 1703 20 1754 20 1754 20 1703 20 1705 20 1754 20 1705 20 1753 20 1753 20 1705 20 1707 20 1753 20 1707 20 1752 20 1752 20 1707 20 1709 20 1752 20 1709 20 1751 20 1751 20 1709 20 1711 20 1751 20 1711 20 1750 20 1750 20 1711 20 1713 20 1759 476 1635 476 1760 476 1760 476 1635 476 1634 476 1760 15 1634 15 1761 15 1761 15 1634 15 1677 15 1761 15 1677 15 1762 15 1762 15 1677 15 1676 15 1762 15 1676 15 1763 15 1763 15 1676 15 1675 15 1763 15 1675 15 1764 15 1764 15 1675 15 1674 15 1764 15 1674 15 1765 15 1765 15 1674 15 1673 15 1765 15 1673 15 1750 15 1750 15 1673 15 1672 15 1750 477 1713 477 1765 477 1765 478 1713 478 1712 478 1765 317 1712 317 1764 317 1764 317 1712 317 1749 317 1764 317 1749 317 1763 317 1763 317 1749 317 1748 317 1763 317 1748 317 1762 317 1762 317 1748 317 1747 317 1762 317 1747 317 1761 317 1761 317 1747 317 1746 317 1761 317 1746 317 1760 317 1760 317 1746 317 1745 317 1760 479 1745 479 1759 479 1759 479 1745 479 1744 479 1766 21 1620 21 1767 21 1767 21 1620 21 1621 21 1767 21 1621 21 1768 21 1768 21 1621 21 1623 21 1768 21 1623 21 1769 21 1769 21 1623 21 1625 21 1769 21 1625 21 1770 21 1770 21 1625 21 1627 21 1770 21 1627 21 1771 21 1771 21 1627 21 1629 21 1771 21 1629 21 1772 21 1772 21 1629 21 1631 21 1772 21 1631 21 1773 21 1773 21 1631 21 1633 21 1773 21 1633 21 1759 21 1759 21 1633 21 1635 21 1759 21 1744 21 1773 21 1773 21 1744 21 1738 21 1773 21 1738 21 1772 21 1772 21 1738 21 1732 21 1772 21 1732 21 1771 21 1771 21 1732 21 1726 21 1771 21 1726 21 1770 21 1770 21 1726 21 1720 21 1770 21 1720 21 1769 21 1769 21 1720 21 1714 21 1769 21 1714 21 1768 21 1768 21 1714 21 1694 21 1768 21 1694 21 1767 21 1767 21 1694 21 1692 21 1767 21 1692 21 1766 21 1766 21 1692 21 1693 21 1758 4 1606 4 1774 4 1774 4 1606 4 1608 4 1774 4 1608 4 1775 4 1775 4 1608 4 1610 4 1775 4 1610 4 1776 4 1776 4 1610 4 1612 4 1776 4 1612 4 1777 4 1777 4 1612 4 1614 4 1777 4 1614 4 1778 4 1778 4 1614 4 1616 4 1778 4 1616 4 1779 4 1779 4 1616 4 1618 4 1779 4 1618 4 1766 4 1766 4 1618 4 1620 4 1766 4 1693 4 1779 4 1779 4 1693 4 1691 4 1779 4 1691 4 1778 4 1778 4 1691 4 1689 4 1778 4 1689 4 1777 4 1777 4 1689 4 1687 4 1777 4 1687 4 1776 4 1776 4 1687 4 1685 4 1776 4 1685 4 1775 4 1775 4 1685 4 1683 4 1775 4 1683 4 1774 4 1774 4 1683 4 1681 4 1774 4 1681 4 1758 4 1758 4 1681 4 1679 4 1780 480 1781 480 1782 480 1782 481 1781 481 1783 481 1782 222 1783 222 1784 222 1784 222 1783 222 1785 222 1784 222 1785 222 1786 222 1786 222 1785 222 1787 222 1786 222 1787 222 1788 222 1788 222 1787 222 1789 222 1788 222 1789 222 1790 222 1790 222 1789 222 1791 222 1790 222 1791 222 1792 222 1792 222 1791 222 1793 222 1792 222 1793 222 1794 222 1794 222 1793 222 1795 222 1794 222 1795 222 1796 222 1796 222 1795 222 1797 222 1796 222 1797 222 1798 222 1798 222 1797 222 1799 222 1798 482 1799 482 1800 482 1800 482 1799 482 1801 482 1801 483 1799 483 1802 483 1801 484 1802 484 1803 484 1781 485 1804 485 1783 485 1783 486 1804 486 1805 486 1783 486 1805 486 1785 486 1785 486 1805 486 1806 486 1785 486 1806 486 1787 486 1787 486 1806 486 1807 486 1787 486 1807 486 1789 486 1789 486 1807 486 1808 486 1789 486 1808 486 1791 486 1791 486 1808 486 1809 486 1791 486 1809 486 1793 486 1793 486 1809 486 1810 486 1793 486 1810 486 1795 486 1795 486 1810 486 1811 486 1795 486 1811 486 1797 486 1797 486 1811 486 1812 486 1797 486 1812 486 1799 486 1799 486 1812 486 1802 486 1813 487 1814 487 1815 487 1815 488 1814 488 1816 488 1815 143 1816 143 1817 143 1817 143 1816 143 1818 143 1817 143 1818 143 1819 143 1819 143 1818 143 1820 143 1819 143 1820 143 1821 143 1821 143 1820 143 1822 143 1821 143 1822 143 1823 143 1823 143 1822 143 1824 143 1823 143 1824 143 1825 143 1825 143 1824 143 1826 143 1825 143 1826 143 1827 143 1827 143 1826 143 1828 143 1827 143 1828 143 1829 143 1829 143 1828 143 1830 143 1829 143 1830 143 1831 143 1831 143 1830 143 1832 143 1831 489 1832 489 1833 489 1833 487 1832 487 1834 487 1833 490 255 490 1831 490 1831 491 255 491 1835 491 1831 491 1835 491 1829 491 1829 491 1835 491 1836 491 1829 491 1836 491 1827 491 1827 491 1836 491 1837 491 1827 491 1837 491 1825 491 1825 491 1837 491 1838 491 1825 491 1838 491 1823 491 1823 491 1838 491 251 491 1823 491 251 491 1821 491 1821 491 251 491 1839 491 1821 491 1839 491 1819 491 1819 491 1839 491 1840 491 1819 491 1840 491 1817 491 1817 491 1840 491 1841 491 1817 491 1841 491 1815 491 1815 491 1841 491 1842 491 1815 487 1842 487 1813 487 1813 492 1842 492 247 492 247 20 1804 20 1813 20 1813 20 1804 20 1781 20 1813 20 1781 20 1814 20 1814 20 1781 20 1780 20 1834 21 1800 21 1833 21 1833 21 1800 21 1801 21 1833 21 1801 21 255 21 255 21 1801 21 1803 21 1814 493 1780 493 1816 493 1816 494 1780 494 1782 494 1816 495 1782 495 1818 495 1818 495 1782 495 1784 495 1818 495 1784 495 1820 495 1820 495 1784 495 1786 495 1820 495 1786 495 1822 495 1822 495 1786 495 1788 495 1822 495 1788 495 1824 495 1824 495 1788 495 1790 495 1824 495 1790 495 1826 495 1826 495 1790 495 1792 495 1826 495 1792 495 1828 495 1828 495 1792 495 1794 495 1828 495 1794 495 1830 495 1830 495 1794 495 1796 495 1830 495 1796 495 1832 495 1832 495 1796 495 1798 495 1832 496 1798 496 1834 496 1834 497 1798 497 1800 497 255 345 1803 345 1835 345 1835 345 1803 345 1802 345 1835 345 1802 345 1836 345 1836 345 1802 345 1812 345 1836 345 1812 345 1837 345 1837 345 1812 345 1811 345 1837 345 1811 345 1838 345 1838 345 1811 345 1810 345 1838 345 1810 345 251 345 251 345 1810 345 1809 345 251 345 1809 345 1839 345 1839 345 1809 345 1808 345 1839 345 1808 345 1840 345 1840 345 1808 345 1807 345 1840 345 1807 345 1841 345 1841 345 1807 345 1806 345 1841 345 1806 345 1842 345 1842 345 1806 345 1805 345 1842 345 1805 345 247 345 247 345 1805 345 1804 345 1843 484 1844 484 1845 484 1845 480 1844 480 1846 480 1845 222 1846 222 1847 222 1847 222 1846 222 1848 222 1847 222 1848 222 1849 222 1849 222 1848 222 1850 222 1849 222 1850 222 1851 222 1851 222 1850 222 1852 222 1851 222 1852 222 1853 222 1853 222 1852 222 1854 222 1853 222 1854 222 1855 222 1855 222 1854 222 1856 222 1855 222 1856 222 1857 222 1857 222 1856 222 1858 222 1857 222 1858 222 1859 222 1859 222 1858 222 1860 222 1859 222 1860 222 1861 222 1861 222 1860 222 1862 222 1861 222 1862 222 1863 222 1863 498 1862 498 1864 498 1864 483 1862 483 1865 483 1864 499 1865 499 1866 499 1844 485 1867 485 1846 485 1846 500 1867 500 1868 500 1846 486 1868 486 1848 486 1848 486 1868 486 1869 486 1848 486 1869 486 1850 486 1850 486 1869 486 1870 486 1850 486 1870 486 1852 486 1852 486 1870 486 1871 486 1852 486 1871 486 1854 486 1854 486 1871 486 1872 486 1854 486 1872 486 1856 486 1856 486 1872 486 1873 486 1856 486 1873 486 1858 486 1858 486 1873 486 1874 486 1858 486 1874 486 1860 486 1860 486 1874 486 1875 486 1860 486 1875 486 1862 486 1862 486 1875 486 1865 486 1781 501 1780 501 1783 501 1783 501 1780 501 1782 501 1783 143 1782 143 1785 143 1785 143 1782 143 1784 143 1785 143 1784 143 1787 143 1787 143 1784 143 1786 143 1787 143 1786 143 1789 143 1789 143 1786 143 1788 143 1789 143 1788 143 1791 143 1791 143 1788 143 1790 143 1791 143 1790 143 1793 143 1793 143 1790 143 1792 143 1793 143 1792 143 1795 143 1795 143 1792 143 1794 143 1795 143 1794 143 1797 143 1797 143 1794 143 1796 143 1797 143 1796 143 1799 143 1799 143 1796 143 1798 143 1799 489 1798 489 1801 489 1801 489 1798 489 1800 489 1801 490 1803 490 1799 490 1799 491 1803 491 1802 491 1799 491 1802 491 1797 491 1797 491 1802 491 1812 491 1797 491 1812 491 1795 491 1795 491 1812 491 1811 491 1795 491 1811 491 1793 491 1793 491 1811 491 1810 491 1793 491 1810 491 1791 491 1791 491 1810 491 1809 491 1791 491 1809 491 1789 491 1789 491 1809 491 1808 491 1789 491 1808 491 1787 491 1787 491 1808 491 1807 491 1787 491 1807 491 1785 491 1785 491 1807 491 1806 491 1785 491 1806 491 1783 491 1783 491 1806 491 1805 491 1783 487 1805 487 1781 487 1781 492 1805 492 1804 492 1804 20 1867 20 1781 20 1781 20 1867 20 1844 20 1781 20 1844 20 1780 20 1780 20 1844 20 1843 20 1800 21 1863 21 1801 21 1801 21 1863 21 1864 21 1801 21 1864 21 1803 21 1803 21 1864 21 1866 21 1780 502 1843 502 1782 502 1782 503 1843 503 1845 503 1782 503 1845 503 1784 503 1784 503 1845 503 1847 503 1784 503 1847 503 1786 503 1786 503 1847 503 1849 503 1786 503 1849 503 1788 503 1788 503 1849 503 1851 503 1788 503 1851 503 1790 503 1790 503 1851 503 1853 503 1790 503 1853 503 1792 503 1792 503 1853 503 1855 503 1792 503 1855 503 1794 503 1794 503 1855 503 1857 503 1794 503 1857 503 1796 503 1796 503 1857 503 1859 503 1796 503 1859 503 1798 503 1798 503 1859 503 1861 503 1798 504 1861 504 1800 504 1800 503 1861 503 1863 503 1803 382 1866 382 1802 382 1802 505 1866 505 1865 505 1802 468 1865 468 1812 468 1812 468 1865 468 1875 468 1812 468 1875 468 1811 468 1811 468 1875 468 1874 468 1811 468 1874 468 1810 468 1810 468 1874 468 1873 468 1810 468 1873 468 1809 468 1809 468 1873 468 1872 468 1809 468 1872 468 1808 468 1808 468 1872 468 1871 468 1808 468 1871 468 1807 468 1807 468 1871 468 1870 468 1807 468 1870 468 1806 468 1806 468 1870 468 1869 468 1806 468 1869 468 1805 468 1805 468 1869 468 1868 468 1805 468 1868 468 1804 468 1804 506 1868 506 1867 506</p>
        </triangles>
      </mesh>
    </geometry>
  </library_geometries>
  <library_visual_scenes>
    <visual_scene id="DefaultScene">
      <node id="node_0296dd71_bbda_4132_88ad_3348a47431ce" type="NODE">
        <matrix>1 0 0 0 0 1 0 0 0 0 1 0 0 0 0 1</matrix>
        <node id="node_b7029171_c02d_4770_baf0_b56343a7d04f" type="NODE">
          <matrix>1 0 0 0 0 1 0 0 0 0 1 0 0 0 0 1</matrix>
          <node id="node_b7029171_c02d_4770_baf0_b56343a7d04f_mesh0" type="NODE">
            <matrix>1 0 0 0 0 1 0 0 0 0 1 0 0 0 0 1</matrix>
            <instance_geometry url="#geometry_079d0a7c_d37e_4e3f_9bad_9b1340765bbf">
              <bind_material>
                <technique_common>
                  <instance_material symbol="mat_0" target="#mat_0"/>
                </technique_common>
              </bind_material>
            </instance_geometry>
          </node>
        </node>
      </node>
    </visual_scene>
  </library_visual_scenes>
  <scene>
    <instance_visual_scene url="#DefaultScene"/>
  </scene>
</COLLADA>
